﻿use itsmbase_cn;

-- 资源数据
INSERT INTO `resource` (resNo,createTime,dataFlag,resCode,resName,resUrl) VALUES (1,'2011-04-19',1,'PORTAL_MAIN','门户','PORTAL_MAIN');
INSERT INTO `resource` (resNo,createTime,dataFlag,resCode,resName,resUrl) VALUES (2,'2011-05-1',1,'REQUEST_MAIN','请求','REQUEST_MAIN');
INSERT INTO `resource` (resNo,createTime,dataFlag,resCode,resName,resUrl) VALUES (3,'2011-05-1',1,'REQACTION','请求动作','REQACTION');
INSERT INTO `resource` (resNo,createTime,dataFlag,resCode,resName,resUrl) VALUES (4,'2011-05-1',1,'KNOWLEDGEBASE_MAIN','知识库','KNOWLEDGEBASE_MAIN');
INSERT INTO `resource` (resNo,createTime,dataFlag,resCode,resName,resUrl) VALUES (5,'2011-05-1',1,'CONFIGITEM_MAIN','配置项','CONFIGITEM_MAIN');
INSERT INTO `resource` (resNo,createTime,dataFlag,resCode,resName,resUrl) VALUES (6,'2011-05-1',1,'SHEBEI','设备管理','SHEBEI');
INSERT INTO `resource` (resNo,createTime,dataFlag,resCode,resName,resUrl) VALUES (7,'2011-05-1',1,'GUANLIAN','关联配置项','GUANLIAN');
INSERT INTO `resource` (resNo,createTime,dataFlag,resCode,resName,resUrl) VALUES (8,'2011-05-1',1,'BASICSET_MAIN','基础设置','BASICSET_MAIN');
INSERT INTO `resource` (resNo,createTime,dataFlag,resCode,resName,resUrl) VALUES (9,'2011-05-1',1,'SEC_WORKFLOW','工作流','SEC_WORKFLOW');
INSERT INTO `resource` (resNo,createTime,dataFlag,resCode,resName,resUrl) VALUES (10,'2011-05-1',1,'SEC_ORG','机构管理','SEC_ORG');
INSERT INTO `resource` (resNo,createTime,dataFlag,resCode,resName,resUrl) VALUES (11,'2011-05-1',1,'SEC_SERVICELEVEL','SLA','SEC_SLA');
INSERT INTO `resource` (resNo,createTime,dataFlag,resCode,resName,resUrl) VALUES (12,'2011-05-1',1,'SEC_RULES','业务规则','SEC_RULES');
INSERT INTO `resource` (resNo,createTime,dataFlag,resCode,resName,resUrl) VALUES (13,'2011-05-1',1,'SEC_SECURITY','访问控制','SEC_SECURITY');
INSERT INTO `resource` (resNo,createTime,dataFlag,resCode,resName,resUrl) VALUES (14,'2011-05-1',1,'SEC_DICTIONARY','数据字典','SEC_DICTIONARY');
INSERT INTO `resource` (resNo,createTime,dataFlag,resCode,resName,resUrl) VALUES (15,'2011-05-1',1,'SEC_LOG','日志管理','SEC_LOG');
INSERT INTO `resource` (resNo,createTime,dataFlag,resCode,resName,resUrl) VALUES (16,'2011-05-1',1,'SEC_BASICCONFIG','Config','SEC_BASICCONFIG');
INSERT INTO `resource` (resNo,createTime,dataFlag,resCode,resName,resUrl) VALUES (17,'2011-05-1',1,'ORGMG','机构设置','ORGMG');
INSERT INTO `resource` (resNo,createTime,dataFlag,resCode,resName,resUrl) VALUES (18,'2011-05-1',1,'CUSTOMER','客户管理','CUSTOMER');
INSERT INTO `resource` (resNo,createTime,dataFlag,resCode,resName,resUrl) VALUES (19,'2011-05-1',1,'COMPANY','公司信息','COMPANY');
INSERT INTO `resource` (resNo,createTime,dataFlag,resCode,resName,resUrl) VALUES (20,'2011-05-1',1,'SUPPLIER','供应商管理','SUPPLIER');
INSERT INTO `resource` (resNo,createTime,dataFlag,resCode,resName,resUrl) VALUES (21,'2011-05-1',1,'USER','用户管理','USER');
INSERT INTO `resource` (resNo,createTime,dataFlag,resCode,resName,resUrl) VALUES (22,'2011-05-1',1,'ROLE','角色管理','ROLE');
INSERT INTO `resource` (resNo,createTime,dataFlag,resCode,resName,resUrl) VALUES (23,'2011-05-1',1,'RESOURCE','资源管理','RESOURCE');
INSERT INTO `resource` (resNo,createTime,dataFlag,resCode,resName,resUrl) VALUES (24,'2011-05-1',1,'LDAP','LDAP管理','LDAP');
INSERT INTO `resource` (resNo,createTime,dataFlag,resCode,resName,resUrl) VALUES (25,'2011-05-1',1,'AREAUSER','域用户列表','AREAUSER');
INSERT INTO `resource` (resNo,createTime,dataFlag,resCode,resName,resUrl) VALUES (26,'2011-05-1',1,'ONLINELOG','用户在线日志','ONLINELOG');
INSERT INTO `resource` (resNo,createTime,dataFlag,resCode,resName,resUrl) VALUES (27,'2011-05-1',1,'USEROPERATIONLOG','用户操作日志','USEROPERATIONLOG');
INSERT INTO `resource` (resNo,createTime,dataFlag,resCode,resName,resUrl) VALUES (28,'2011-05-1',1,'WPMG','流程管理','WPMG');
INSERT INTO `resource` (resNo,createTime,dataFlag,resCode,resName,resUrl) VALUES (29,'2011-05-1',1,'MYTASK','我的任务','MYTASK');
INSERT INTO `resource` (resNo,createTime,dataFlag,resCode,resName,resUrl) VALUES (30,'2011-05-1',1,'WORKFLOWHISTORY','流程历史','WORKFLOWHISTORY');
INSERT INTO `resource` (resNo,createTime,dataFlag,resCode,resName,resUrl) VALUES (31,'2011-05-1',1,'CHANGE_MAIN','变更','CHANGE_MAIN');
INSERT INTO `resource` (resNo,createTime,dataFlag,resCode,resName,resUrl) VALUES (32,'2011-05-1',1,'TOOLS_MAIN','辅助工具','TOOLS_MAIN');
INSERT INTO `resource` (resNo,createTime,dataFlag,resCode,resName,resUrl) VALUES (33,'2011-05-1',1,'REPORT_MAIN','报表','REPORT_MAIN');
INSERT INTO `resource` (resNo,createTime,dataFlag,resCode,resName,resUrl) VALUES (34,'2011-05-1',1,'SMS','手机短信','SMS');
INSERT INTO `resource` (resNo,createTime,dataFlag,resCode,resName,resUrl) VALUES (35,'2011-05-1',1,'AFFICHE','公告管理','AFFICHE');
INSERT INTO `resource` (resNo,createTime,dataFlag,resCode,resName,resUrl) VALUES (36,'2011-05-1',1,'EMAIL','邮件管理','EMAIL');
INSERT INTO `resource` (resNo,createTime,dataFlag,resCode,resName,resUrl) VALUES (37,'2011-05-1',1,'IM','即时消息','IM');
INSERT INTO `resource` (resNo,createTime,dataFlag,resCode,resName,resUrl) VALUES (38,'2011-05-1',1,'CURRENCY','货币类型设置','CURRENCY');
INSERT INTO `resource` (resNo,createTime,dataFlag,resCode,resName,resUrl) VALUES (39,'2011-05-1',1,'NOTICERULE','通知规则','NOTICERULE');
INSERT INTO `resource` (resNo,createTime,dataFlag,resCode,resName,resUrl) VALUES (40,'2011-05-1',1,'REQUESTRULE','请求规则','REQUESTRULE');
INSERT INTO `resource` (resNo,createTime,dataFlag,resCode,resName,resUrl) VALUES (41,'2011-05-1',1,'MyOwRquest_Res','边栏-我负责的请求','MyOwRquest_Res');
INSERT INTO `resource` (resNo,createTime,dataFlag,resCode,resName,resUrl) VALUES (42,'2011-05-1',1,'MyPeRquest_Res','边栏-指派给我的请求','MyPeRquest_Res');
INSERT INTO `resource` (resNo,createTime,dataFlag,resCode,resName,resUrl) VALUES (43,'2011-05-1',1,'MyGrRquest_Res','边栏-指派给我组的请求','MyGrRquest_Res');
INSERT INTO `resource` (resNo,createTime,dataFlag,resCode,resName,resUrl) VALUES (44,'2011-05-1',1,'MyRequest_Res','边栏-我提出的请求','MyRequest_Res');
INSERT INTO `resource` (resNo,createTime,dataFlag,resCode,resName,resUrl) VALUES (45,'2011-05-1',1,'AllRquest_Res','边栏-所有请求','AllRquest_Res');
INSERT INTO `resource` (resNo,createTime,dataFlag,resCode,resName,resUrl) VALUES (46,'2011-05-1',1,'RQED','编辑请求','/pages/request!findRequestById.action');
INSERT INTO `resource` (resNo,createTime,dataFlag,resCode,resName,resUrl) VALUES (47,'2011-05-1',1,'RQSL','查看请求','/pages/request!findRequests.action');
INSERT INTO `resource` (resNo,createTime,dataFlag,resCode,resName,resUrl) VALUES (48,'2011-05-1',1,'RQDL','删除请求','/pages/request!deleteRequests.action\n');
INSERT INTO `resource` (resNo,createTime,dataFlag,resCode,resName,resUrl) VALUES (49,'2011-05-1',1,'RQAD','新增请求','/pages/request!saveRequest.action');
INSERT INTO `resource` (resNo,createTime,dataFlag,resCode,resName,resUrl) VALUES (50,'2011-05-1',1,'MyRequestTask_Res','我的请求任务','MyRequestTask_Res');
INSERT INTO `resource` (resNo,createTime,dataFlag,resCode,resName,resUrl) VALUES (51,'2011-05-1',1,'RequestBackGroup_Res','请求退回组','RequestBackGroup_Res');
INSERT INTO `resource` (resNo,createTime,dataFlag,resCode,resName,resUrl) VALUES (52,'2011-05-1',1,'RequestReOpen_Res','请求重新开启','RequestReOpen_Res');
INSERT INTO `resource` (resNo,createTime,dataFlag,resCode,resName,resUrl) VALUES (53,'2011-05-1',1,'RequestApproval_Res','请求审批','RequestApproval_Res');
INSERT INTO `resource` (resNo,createTime,dataFlag,resCode,resName,resUrl) VALUES (54,'2011-05-1',1,'RequestGet_Res','请求提取','RequestGet_Res');
INSERT INTO `resource` (resNo,createTime,dataFlag,resCode,resName,resUrl) VALUES (55,'2011-05-1',1,'RequestVisit_Res','请求回访','RequestVisit_Res');
INSERT INTO `resource` (resNo,createTime,dataFlag,resCode,resName,resUrl) VALUES (56,'2011-05-1',1,'RequestClose_Res','关闭请求','RequestClose_Res');
INSERT INTO `resource` (resNo,createTime,dataFlag,resCode,resName,resUrl) VALUES (57,'2011-05-1',1,'RequestUpgrade_Res','请求升级','RequestUpgrade_Res');
INSERT INTO `resource` (resNo,createTime,dataFlag,resCode,resName,resUrl) VALUES (58,'2011-05-1',1,'RequestUpgradeApply_Res','申请升级','RequestUpgradeApply_Res');
INSERT INTO `resource` (resNo,createTime,dataFlag,resCode,resName,resUrl) VALUES (59,'2011-05-1',1,'RequestDealComplete_Res','处理完成','RequestDealComplete_Res');
INSERT INTO `resource` (resNo,createTime,dataFlag,resCode,resName,resUrl) VALUES (60,'2011-05-1',1,'RequestDealRemark_Res','处理备注','RequestDealRemark_Res');
INSERT INTO `resource` (resNo,createTime,dataFlag,resCode,resName,resUrl) VALUES (61,'2011-05-1',1,'RequestBack_Res','请求退回','RequestBack_Res');
INSERT INTO `resource` (resNo,createTime,dataFlag,resCode,resName,resUrl) VALUES (62,'2011-05-1',1,'RequestAgainAssign_Res','再指派','RequestAgainAssign_Res');
INSERT INTO `resource` (resNo,createTime,dataFlag,resCode,resName,resUrl) VALUES (63,'2011-05-1',1,'RequestAssign_Res','请求指派','RequestAssign_Res');
INSERT INTO `resource` (resNo,createTime,dataFlag,resCode,resName,resUrl) VALUES (64,'2011-05-1',1,'RequestAssignFour_Res','指派四线','RequestAssignFour_Res');
INSERT INTO `resource` (resNo,createTime,dataFlag,resCode,resName,resUrl) VALUES (65,'2011-05-1',1,'RequestAssignThree_Res','指派三线','RequestAssignThree_Res');
INSERT INTO `resource` (resNo,createTime,dataFlag,resCode,resName,resUrl) VALUES (66,'2011-05-1',1,'RequestAssignTwo_Res','指派二线','RequestAssignTwo_Res');
INSERT INTO `resource` (resNo,createTime,dataFlag,resCode,resName,resUrl) VALUES (67,'2011-05-1',1,'RequestDeal_Res','开始处理','RequestDeal_Res');
INSERT INTO `resource` (resNo,createTime,dataFlag,resCode,resName,resUrl) VALUES (68,'2011-05-1',1,'KBED','编辑知识','/pages/knowledgeInfo!updateKnowledgeInfo.action');
INSERT INTO `resource` (resNo,createTime,dataFlag,resCode,resName,resUrl) VALUES (69,'2011-05-1',1,'KBSL','查看知识','/pages/knowledgeInfo!findAllKnowledges.action');
INSERT INTO `resource` (resNo,createTime,dataFlag,resCode,resName,resUrl) VALUES (70,'2011-05-1',1,'KBDL','删除知识','/pages/knowledgeInfo!removeKnowledgeItems.action');
INSERT INTO `resource` (resNo,createTime,dataFlag,resCode,resName,resUrl) VALUES (71,'2011-05-1',1,'KBAD','增加知识','/pages/knowledgeInfo!saveKnowledgeInfo.action');
INSERT INTO `resource` (resNo,createTime,dataFlag,resCode,resName,resUrl) VALUES (72,'2011-05-1',1,'CIED','编辑配置项','/pages/ci!cItemUpdate.action');
INSERT INTO `resource` (resNo,createTime,dataFlag,resCode,resName,resUrl) VALUES (73,'2011-05-1',1,'CISL','查找配置项','/pages/ci!cItemsFind.action');
INSERT INTO `resource` (resNo,createTime,dataFlag,resCode,resName,resUrl) VALUES (74,'2011-05-1',1,'CIDL','删除配置项','/pages/ci!cItemsDel.action');
INSERT INTO `resource` (resNo,createTime,dataFlag,resCode,resName,resUrl) VALUES (75,'2011-05-1',1,'CIAD','增加配置项','/pages/ci!cItemSave.action');
INSERT INTO `resource` (resNo,createTime,dataFlag,resCode,resName,resUrl) VALUES (76,'2011-05-1',0,'CRDL','删除关联','/pages/ciRelevance!delete.action');
INSERT INTO `resource` (resNo,createTime,dataFlag,resCode,resName,resUrl) VALUES (77,'2011-05-1',0,'CRAD','增加关联','/pages/ciRelevance!save.action');
INSERT INTO `resource` (resNo,createTime,dataFlag,resCode,resName,resUrl) VALUES (78,'2011-05-1',0,'RISL','局域网扫描','/pages/snmp!scanIp.action');
INSERT INTO `resource` (resNo,createTime,dataFlag,resCode,resName,resUrl) VALUES (79,'2011-05-1',0,'RIDL','删除主机','/pages/snmp!delete.action');
INSERT INTO `resource` (resNo,createTime,dataFlag,resCode,resName,resUrl) VALUES (80,'2011-05-1',0,'RIAD','增加主机','/pages/snmp!save.action');
INSERT INTO `resource` (resNo,createTime,dataFlag,resCode,resName,resUrl) VALUES (81,'2011-05-1',0,'UOSL','查看操作日志','/pages/useroptlog!findPager.action');
INSERT INTO `resource` (resNo,createTime,dataFlag,resCode,resName,resUrl) VALUES (82,'2011-05-1',0,'OLSL','查看在线日志','/pages/useronlinelog!findPager.action');
INSERT INTO `resource` (resNo,createTime,dataFlag,resCode,resName,resUrl) VALUES (83,'2011-05-1',0,'SADL','删除SLA规则','/pages/slaRule!delete.action');
INSERT INTO `resource` (resNo,createTime,dataFlag,resCode,resName,resUrl) VALUES (84,'2011-05-1',0,'SAED','编辑SLA规则','/pages/slaRule!edit.action');
INSERT INTO `resource` (resNo,createTime,dataFlag,resCode,resName,resUrl) VALUES (85,'2011-05-1',0,'SAAD','新增SLA规则','/pages/slaRule!save.action');
INSERT INTO `resource` (resNo,createTime,dataFlag,resCode,resName,resUrl) VALUES (86,'2011-05-1',0,'SASL','查看SLA规则','/pages/slaRule!find.action');
INSERT INTO `resource` (resNo,createTime,dataFlag,resCode,resName,resUrl) VALUES (87,'2011-05-1',0,'SLED','编辑SLA','/pages/slaContractManage!merge.action');
INSERT INTO `resource` (resNo,createTime,dataFlag,resCode,resName,resUrl) VALUES (88,'2011-05-1',0,'SLSL','查看SLA','/pages/slaContractManage!find.action');
INSERT INTO `resource` (resNo,createTime,dataFlag,resCode,resName,resUrl) VALUES (89,'2011-05-1',0,'SLDL','删除SLA','/pages/slaContractManage!delete.action');
INSERT INTO `resource` (resNo,createTime,dataFlag,resCode,resName,resUrl) VALUES (90,'2011-05-1',0,'SLAD','新增SLA','/pages/slaContractManage!save.action');
INSERT INTO `resource` (resNo,createTime,dataFlag,resCode,resName,resUrl) VALUES (91,'2011-05-1',0,'DCED','编辑字典','/pages/dataDictionaryItems!merge.action');
INSERT INTO `resource` (resNo,createTime,dataFlag,resCode,resName,resUrl) VALUES (92,'2011-05-1',0,'DCSL','查看字典','/pages/dataDictionaryItems!find.action');
INSERT INTO `resource` (resNo,createTime,dataFlag,resCode,resName,resUrl) VALUES (93,'2011-05-1',0,'DCDL','删除字典','/pages/dataDictionaryItems!delete.action');
INSERT INTO `resource` (resNo,createTime,dataFlag,resCode,resName,resUrl) VALUES (94,'2011-05-1',0,'DCAD','新增字典','/pages/dataDictionaryItems!save.action');
INSERT INTO `resource` (resNo,createTime,dataFlag,resCode,resName,resUrl) VALUES (95,'2011-05-1',0,'USOG','设置用户机构','/pages/user!mergeByOrg.action');
INSERT INTO `resource` (resNo,createTime,dataFlag,resCode,resName,resUrl) VALUES (96,'2011-05-1',0,'URMG','设置用户权限','/pages/user!updateRoleByUserId.action');
INSERT INTO `resource` (resNo,createTime,dataFlag,resCode,resName,resUrl) VALUES (97,'2011-05-1',0,'USED','编辑用户','/pages/user!merge.action');
INSERT INTO `resource` (resNo,createTime,dataFlag,resCode,resName,resUrl) VALUES (98,'2011-05-1',0,'USSL','查看用户','/pages/user!find.action');
INSERT INTO `resource` (resNo,createTime,dataFlag,resCode,resName,resUrl) VALUES (99,'2011-05-1',0,'USDL','删除用户','/pages/user!delete.action');
INSERT INTO `resource` (resNo,createTime,dataFlag,resCode,resName,resUrl) VALUES (100,'2011-05-1',0,'USAD','增加用户','/pages/user!save.action');
INSERT INTO `resource` (resNo,createTime,dataFlag,resCode,resName,resUrl) VALUES (101,'2011-05-1',0,'RLRL','分配权限','/pages/role!setResourceByRoleIds.action');
INSERT INTO `resource` (resNo,createTime,dataFlag,resCode,resName,resUrl) VALUES (102,'2011-05-1',0,'RLED','编辑角色','/pages/role!edit.action');
INSERT INTO `resource` (resNo,createTime,dataFlag,resCode,resName,resUrl) VALUES (103,'2011-05-1',0,'RLSL','查看角色','/pages/role!find.action');
INSERT INTO `resource` (resNo,createTime,dataFlag,resCode,resName,resUrl) VALUES (104,'2011-05-1',0,'RLDL','删除角色','/pages/role!delete.action');
INSERT INTO `resource` (resNo,createTime,dataFlag,resCode,resName,resUrl) VALUES (105,'2011-05-1',0,'RLAD','新增角色','/pages/role!save.action');
INSERT INTO `resource` (resNo,createTime,dataFlag,resCode,resName,resUrl) VALUES (106,'2011-05-1',0,'OPSL','查看操作','/pages/operation!find.action');
INSERT INTO `resource` (resNo,createTime,dataFlag,resCode,resName,resUrl) VALUES (107,'2011-05-1',0,'OPED','编辑操作','/pages/operation!updateOperation.action');
INSERT INTO `resource` (resNo,createTime,dataFlag,resCode,resName,resUrl) VALUES (108,'2011-05-1',0,'OPDL','删除操作','/pages/operation!deleteOperations.action');
INSERT INTO `resource` (resNo,createTime,dataFlag,resCode,resName,resUrl) VALUES (109,'2011-05-1',0,'OPAD','新增操作','/pages/operation!addOperation.action');
INSERT INTO `resource` (resNo,createTime,dataFlag,resCode,resName,resUrl) VALUES (110,'2011-05-1',0,'FCED','编辑功能','/pages/function!updateFunction.action');
INSERT INTO `resource` (resNo,createTime,dataFlag,resCode,resName,resUrl) VALUES (111,'2011-05-1',0,'FCSL','查看功能','/pages/function!findGrid.action');
INSERT INTO `resource` (resNo,createTime,dataFlag,resCode,resName,resUrl) VALUES (112,'2011-05-1',0,'FCDL','删除功能','/pages/function!deleteFunctionByIds.action');
INSERT INTO `resource` (resNo,createTime,dataFlag,resCode,resName,resUrl) VALUES (113,'2011-05-1',0,'FCAD','新增功能','/pages/function!addFunction.action');
INSERT INTO `resource` (resNo,createTime,dataFlag,resCode,resName,resUrl) VALUES (114,'2011-05-1',0,'WFSL','查看历史','/pages/upload!showHistories.action');
INSERT INTO `resource` (resNo,createTime,dataFlag,resCode,resName,resUrl) VALUES (115,'2011-05-1',0,'WPAS','申请实例','/pages/over_time!applyOvertime.action');
INSERT INTO `resource` (resNo,createTime,dataFlag,resCode,resName,resUrl) VALUES (116,'2011-05-1',0,'WPSL','查看实例','/pages/upload!showProcessInstances.action');
INSERT INTO `resource` (resNo,createTime,dataFlag,resCode,resName,resUrl) VALUES (117,'2011-05-1',0,'WFSLS','查看对应流程','/pages/upload!findProcessDefinitions.action');
INSERT INTO `resource` (resNo,createTime,dataFlag,resCode,resName,resUrl) VALUES (118,'2011-05-1',0,'WPDL','卸载流程','/pages/upload!undeployProcess.action');
INSERT INTO `resource` (resNo,createTime,dataFlag,resCode,resName,resUrl) VALUES (119,'2011-05-1',0,'WPAD','部署流程','/pages/upload!deployProcess.action');
INSERT INTO `resource` (resNo,createTime,dataFlag,resCode,resName,resUrl) VALUES (120,'2011-05-1',0,'HDTK','处理任务','/pages/upload!showMyTasks.action');
INSERT INTO `resource` (resNo,createTime,dataFlag,resCode,resName,resUrl) VALUES (121,'2011-05-1',0,'ROED','编辑规则','/pages/callBusinessRuleSet!merge.action');
INSERT INTO `resource` (resNo,createTime,dataFlag,resCode,resName,resUrl) VALUES (122,'2011-05-1',0,'ROSL','查看规则','/pages/callBusinessRule!findRules.action');
INSERT INTO `resource` (resNo,createTime,dataFlag,resCode,resName,resUrl) VALUES (123,'2011-05-1',0,'RODL','删除规则','/pages/callBusinessRule!delete.action');
INSERT INTO `resource` (resNo,createTime,dataFlag,resCode,resName,resUrl) VALUES (124,'2011-05-1',0,'ROAD','新增规则','/pages/callBusinessRuleSet!save.action');
INSERT INTO `resource` (resNo,createTime,dataFlag,resCode,resName,resUrl) VALUES (125,'2011-05-1',0,'CMED','设置公司信息','/pages/organization!mergeCompany.action');
INSERT INTO `resource` (resNo,createTime,dataFlag,resCode,resName,resUrl) VALUES (126,'2011-05-1',0,'EMED','设置服务邮箱','/pages/mailServer!saveOrUpdateEmailServer.action');
INSERT INTO `resource` (resNo,createTime,dataFlag,resCode,resName,resUrl) VALUES (127,'2011-05-1',0,'SMMG','设置短信账户','/pages/sms!saveOrUpdateSMSAccount.action');
INSERT INTO `resource` (resNo,createTime,dataFlag,resCode,resName,resUrl) VALUES (128,'2011-05-1',0,'HDMG','设置节假日','/pages/holiday!findHolidayPage.action');
INSERT INTO `resource` (resNo,createTime,dataFlag,resCode,resName,resUrl) VALUES (129,'2011-05-1',0,'STST','设置服务时间','/pages/serviceTime!saveOrgUpdate.action');
INSERT INTO `resource` (resNo,createTime,dataFlag,resCode,resName,resUrl) VALUES (130,'2011-05-1',0,'OGED','编辑机构','/pages/organization!updateOrg.action');
INSERT INTO `resource` (resNo,createTime,dataFlag,resCode,resName,resUrl) VALUES (131,'2011-05-1',0,'OGSL','查看机构','/pages/organization!find.action');
INSERT INTO `resource` (resNo,createTime,dataFlag,resCode,resName,resUrl) VALUES (132,'2011-05-1',0,'OGDL','删除机构','/pages/organization!remove.action');
INSERT INTO `resource` (resNo,createTime,dataFlag,resCode,resName,resUrl) VALUES (133,'2011-05-1',0,'OGAD','新增机构','/pages/organization!save.action');
INSERT INTO `resource` (resNo,createTime,dataFlag,resCode,resName,resUrl) VALUES (134,'2011-05-1',0,'CTED','编辑客户','/pages/customer!merge.action');
INSERT INTO `resource` (resNo,createTime,dataFlag,resCode,resName,resUrl) VALUES (135,'2011-05-1',0,'CTSL','查看客户','/pages/customer!findByCompany.action');
INSERT INTO `resource` (resNo,createTime,dataFlag,resCode,resName,resUrl) VALUES (136,'2011-05-1',0,'CTDL','删除客户','/pages/customer!deleteCustomer.action');
INSERT INTO `resource` (resNo,createTime,dataFlag,resCode,resName,resUrl) VALUES (137,'2011-05-1',0,'CTAD','新增客户','/pages/customer!save.action');
INSERT INTO `resource` (resNo,createTime,dataFlag,resCode,resName,resUrl) VALUES (138,'2011-05-1',0,'SPED','编辑供应商','/pages/supplier!merge.action');
INSERT INTO `resource` (resNo,createTime,dataFlag,resCode,resName,resUrl) VALUES (139,'2011-05-1',0,'SPSL','查看供应商','/pages/supplier!findByCompany.action');
INSERT INTO `resource` (resNo,createTime,dataFlag,resCode,resName,resUrl) VALUES (140,'2011-05-1',0,'SPDL','删除供应商','/pages/supplier!deleteSupplier.action');
INSERT INTO `resource` (resNo,createTime,dataFlag,resCode,resName,resUrl) VALUES (141,'2011-05-1',0,'SPAD','新增供应商','/pages/supplier!save.action');
INSERT INTO `resource` (resNo,createTime,dataFlag,resCode,resName,resUrl) VALUES (142,'2011-05-1',0,'SMSAD','发送短信','/pages/sms!sendSMS.action');
INSERT INTO `resource` (resNo,createTime,dataFlag,resCode,resName,resUrl) VALUES (144,'2011-05-1',0,'IMSL','查找IM','/pages/immanage!findPager.action');
INSERT INTO `resource` (resNo,createTime,dataFlag,resCode,resName,resUrl) VALUES (145,'2011-05-1',0,'IMDL','删除IM','/pages/immanage!delete.action');
INSERT INTO `resource` (resNo,createTime,dataFlag,resCode,resName,resUrl) VALUES (146,'2011-05-1',0,'IMAD','发送IM','/pages/immanage!save.action');
INSERT INTO `resource` (resNo,createTime,dataFlag,resCode,resName,resUrl) VALUES (147,'2011-05-1',0,'EMSL','查看邮件','/pages/email!find.action');
INSERT INTO `resource` (resNo,createTime,dataFlag,resCode,resName,resUrl) VALUES (148,'2011-05-1',0,'EMDL','删除邮件','/pages/email!delete.action');
INSERT INTO `resource` (resNo,createTime,dataFlag,resCode,resName,resUrl) VALUES (149,'2011-05-1',0,'EMAD','写邮件','/pages/email!toEmail.action');
INSERT INTO `resource` (resNo,createTime,dataFlag,resCode,resName,resUrl) VALUES (150,'2011-05-1',0,'AFED','编辑公告','/pages/affiche!update.action');
INSERT INTO `resource` (resNo,createTime,dataFlag,resCode,resName,resUrl) VALUES (151,'2011-05-1',0,'AFSL','查看公告','/pages/affiche!find.action');
INSERT INTO `resource` (resNo,createTime,dataFlag,resCode,resName,resUrl) VALUES (152,'2011-05-1',0,'AFDL','删除公告','/pages/affiche!delete.action');
INSERT INTO `resource` (resNo,createTime,dataFlag,resCode,resName,resUrl) VALUES (153,'2011-05-1',0,'AFAD','新增公告','/pages/affiche!save.action');

-- 功能数据
INSERT INTO `t_function` (resNo,parentFunctionNo) VALUES (1,NULL);
INSERT INTO `t_function` (resNo,parentFunctionNo) VALUES (2,NULL);
INSERT INTO `t_function` (resNo,parentFunctionNo) VALUES (3,2);
INSERT INTO `t_function` (resNo,parentFunctionNo) VALUES (4,NULL);
INSERT INTO `t_function` (resNo,parentFunctionNo) VALUES (5,NULL);
INSERT INTO `t_function` (resNo,parentFunctionNo) VALUES (6,5);
INSERT INTO `t_function` (resNo,parentFunctionNo) VALUES (7,5);
INSERT INTO `t_function` (resNo,parentFunctionNo) VALUES (8,NULL);
INSERT INTO `t_function` (resNo,parentFunctionNo) VALUES (9,8);
INSERT INTO `t_function` (resNo,parentFunctionNo) VALUES (10,8);
INSERT INTO `t_function` (resNo,parentFunctionNo) VALUES (11,8);
INSERT INTO `t_function` (resNo,parentFunctionNo) VALUES (12,8);
INSERT INTO `t_function` (resNo,parentFunctionNo) VALUES (13,8);
INSERT INTO `t_function` (resNo,parentFunctionNo) VALUES (14,8);
INSERT INTO `t_function` (resNo,parentFunctionNo) VALUES (15,8);
INSERT INTO `t_function` (resNo,parentFunctionNo) VALUES (16,8);
INSERT INTO `t_function` (resNo,parentFunctionNo) VALUES (17,10);
INSERT INTO `t_function` (resNo,parentFunctionNo) VALUES (18,10);
INSERT INTO `t_function` (resNo,parentFunctionNo) VALUES (19,10);
INSERT INTO `t_function` (resNo,parentFunctionNo) VALUES (20,10);
INSERT INTO `t_function` (resNo,parentFunctionNo) VALUES (21,13);
INSERT INTO `t_function` (resNo,parentFunctionNo) VALUES (22,13);
INSERT INTO `t_function` (resNo,parentFunctionNo) VALUES (23,13);
INSERT INTO `t_function` (resNo,parentFunctionNo) VALUES (24,13);
INSERT INTO `t_function` (resNo,parentFunctionNo) VALUES (25,13);
INSERT INTO `t_function` (resNo,parentFunctionNo) VALUES (26,15);
INSERT INTO `t_function` (resNo,parentFunctionNo) VALUES (27,15);
INSERT INTO `t_function` (resNo,parentFunctionNo) VALUES (28,9);
INSERT INTO `t_function` (resNo,parentFunctionNo) VALUES (29,9);
INSERT INTO `t_function` (resNo,parentFunctionNo) VALUES (30,9);
INSERT INTO `t_function` (resNo,parentFunctionNo) VALUES (31,NULL);
INSERT INTO `t_function` (resNo,parentFunctionNo) VALUES (32,NULL);
INSERT INTO `t_function` (resNo,parentFunctionNo) VALUES (33,NULL);
INSERT INTO `t_function` (resNo,parentFunctionNo) VALUES (34,32);
INSERT INTO `t_function` (resNo,parentFunctionNo) VALUES (35,32);
INSERT INTO `t_function` (resNo,parentFunctionNo) VALUES (36,32);
INSERT INTO `t_function` (resNo,parentFunctionNo) VALUES (37,32);
INSERT INTO `t_function` (resNo,parentFunctionNo) VALUES (38,16);
INSERT INTO `t_function` (resNo,parentFunctionNo) VALUES (39,12);
INSERT INTO `t_function` (resNo,parentFunctionNo) VALUES (40,12);

-- 操作数据
INSERT INTO `operation` (resNo,functionNo) VALUES (41,2);
INSERT INTO `operation` (resNo,functionNo) VALUES (42,2);
INSERT INTO `operation` (resNo,functionNo) VALUES (43,2);
INSERT INTO `operation` (resNo,functionNo) VALUES (44,2);
INSERT INTO `operation` (resNo,functionNo) VALUES (45,2);
INSERT INTO `operation` (resNo,functionNo) VALUES (46,2);
INSERT INTO `operation` (resNo,functionNo) VALUES (47,2);
INSERT INTO `operation` (resNo,functionNo) VALUES (48,2);
INSERT INTO `operation` (resNo,functionNo) VALUES (49,2);
INSERT INTO `operation` (resNo,functionNo) VALUES (50,3);
INSERT INTO `operation` (resNo,functionNo) VALUES (51,3);
INSERT INTO `operation` (resNo,functionNo) VALUES (52,3);
INSERT INTO `operation` (resNo,functionNo) VALUES (53,3);
INSERT INTO `operation` (resNo,functionNo) VALUES (54,3);
INSERT INTO `operation` (resNo,functionNo) VALUES (55,3);
INSERT INTO `operation` (resNo,functionNo) VALUES (56,3);
INSERT INTO `operation` (resNo,functionNo) VALUES (57,3);
INSERT INTO `operation` (resNo,functionNo) VALUES (58,3);
INSERT INTO `operation` (resNo,functionNo) VALUES (59,3);
INSERT INTO `operation` (resNo,functionNo) VALUES (60,3);
INSERT INTO `operation` (resNo,functionNo) VALUES (61,3);
INSERT INTO `operation` (resNo,functionNo) VALUES (62,3);
INSERT INTO `operation` (resNo,functionNo) VALUES (63,3);
INSERT INTO `operation` (resNo,functionNo) VALUES (64,3);
INSERT INTO `operation` (resNo,functionNo) VALUES (65,3);
INSERT INTO `operation` (resNo,functionNo) VALUES (66,3);
INSERT INTO `operation` (resNo,functionNo) VALUES (67,3);
INSERT INTO `operation` (resNo,functionNo) VALUES (68,4);
INSERT INTO `operation` (resNo,functionNo) VALUES (69,4);
INSERT INTO `operation` (resNo,functionNo) VALUES (70,4);
INSERT INTO `operation` (resNo,functionNo) VALUES (71,4);
INSERT INTO `operation` (resNo,functionNo) VALUES (72,5);
INSERT INTO `operation` (resNo,functionNo) VALUES (73,5);
INSERT INTO `operation` (resNo,functionNo) VALUES (74,5);
INSERT INTO `operation` (resNo,functionNo) VALUES (75,5);
INSERT INTO `operation` (resNo,functionNo) VALUES (76,7);
INSERT INTO `operation` (resNo,functionNo) VALUES (77,7);
INSERT INTO `operation` (resNo,functionNo) VALUES (78,6);
INSERT INTO `operation` (resNo,functionNo) VALUES (79,6);
INSERT INTO `operation` (resNo,functionNo) VALUES (80,6);
INSERT INTO `operation` (resNo,functionNo) VALUES (81,27);
INSERT INTO `operation` (resNo,functionNo) VALUES (82,26);
INSERT INTO `operation` (resNo,functionNo) VALUES (83,11);
INSERT INTO `operation` (resNo,functionNo) VALUES (84,11);
INSERT INTO `operation` (resNo,functionNo) VALUES (85,11);
INSERT INTO `operation` (resNo,functionNo) VALUES (86,11);
INSERT INTO `operation` (resNo,functionNo) VALUES (87,11);
INSERT INTO `operation` (resNo,functionNo) VALUES (88,11);
INSERT INTO `operation` (resNo,functionNo) VALUES (89,11);
INSERT INTO `operation` (resNo,functionNo) VALUES (90,11);
INSERT INTO `operation` (resNo,functionNo) VALUES (91,14);
INSERT INTO `operation` (resNo,functionNo) VALUES (92,14);
INSERT INTO `operation` (resNo,functionNo) VALUES (93,14);
INSERT INTO `operation` (resNo,functionNo) VALUES (94,14);
INSERT INTO `operation` (resNo,functionNo) VALUES (95,21);
INSERT INTO `operation` (resNo,functionNo) VALUES (96,21);
INSERT INTO `operation` (resNo,functionNo) VALUES (97,21);
INSERT INTO `operation` (resNo,functionNo) VALUES (98,21);
INSERT INTO `operation` (resNo,functionNo) VALUES (99,21);
INSERT INTO `operation` (resNo,functionNo) VALUES (100,21);
INSERT INTO `operation` (resNo,functionNo) VALUES (101,22);
INSERT INTO `operation` (resNo,functionNo) VALUES (102,22);
INSERT INTO `operation` (resNo,functionNo) VALUES (103,22);
INSERT INTO `operation` (resNo,functionNo) VALUES (104,22);
INSERT INTO `operation` (resNo,functionNo) VALUES (105,22);
INSERT INTO `operation` (resNo,functionNo) VALUES (106,23);
INSERT INTO `operation` (resNo,functionNo) VALUES (107,23);
INSERT INTO `operation` (resNo,functionNo) VALUES (108,23);
INSERT INTO `operation` (resNo,functionNo) VALUES (109,23);
INSERT INTO `operation` (resNo,functionNo) VALUES (110,23);
INSERT INTO `operation` (resNo,functionNo) VALUES (111,23);
INSERT INTO `operation` (resNo,functionNo) VALUES (112,23);
INSERT INTO `operation` (resNo,functionNo) VALUES (113,23);
INSERT INTO `operation` (resNo,functionNo) VALUES (114,30);
INSERT INTO `operation` (resNo,functionNo) VALUES (115,28);
INSERT INTO `operation` (resNo,functionNo) VALUES (116,28);
INSERT INTO `operation` (resNo,functionNo) VALUES (117,28);
INSERT INTO `operation` (resNo,functionNo) VALUES (118,28);
INSERT INTO `operation` (resNo,functionNo) VALUES (119,28);
INSERT INTO `operation` (resNo,functionNo) VALUES (120,29);
INSERT INTO `operation` (resNo,functionNo) VALUES (121,12);
INSERT INTO `operation` (resNo,functionNo) VALUES (122,12);
INSERT INTO `operation` (resNo,functionNo) VALUES (123,12);
INSERT INTO `operation` (resNo,functionNo) VALUES (124,12);
INSERT INTO `operation` (resNo,functionNo) VALUES (125,19);
INSERT INTO `operation` (resNo,functionNo) VALUES (126,19);
INSERT INTO `operation` (resNo,functionNo) VALUES (127,19);
INSERT INTO `operation` (resNo,functionNo) VALUES (128,17);
INSERT INTO `operation` (resNo,functionNo) VALUES (129,17);
INSERT INTO `operation` (resNo,functionNo) VALUES (130,17);
INSERT INTO `operation` (resNo,functionNo) VALUES (131,17);
INSERT INTO `operation` (resNo,functionNo) VALUES (132,17);
INSERT INTO `operation` (resNo,functionNo) VALUES (133,17);
INSERT INTO `operation` (resNo,functionNo) VALUES (134,18);
INSERT INTO `operation` (resNo,functionNo) VALUES (135,18);
INSERT INTO `operation` (resNo,functionNo) VALUES (136,18);
INSERT INTO `operation` (resNo,functionNo) VALUES (137,18);
INSERT INTO `operation` (resNo,functionNo) VALUES (138,20);
INSERT INTO `operation` (resNo,functionNo) VALUES (139,20);
INSERT INTO `operation` (resNo,functionNo) VALUES (140,20);
INSERT INTO `operation` (resNo,functionNo) VALUES (141,20);
INSERT INTO `operation` (resNo,functionNo) VALUES (142,34);
INSERT INTO `operation` (resNo,functionNo) VALUES (143,37);
INSERT INTO `operation` (resNo,functionNo) VALUES (144,37);
INSERT INTO `operation` (resNo,functionNo) VALUES (145,37);
INSERT INTO `operation` (resNo,functionNo) VALUES (146,37);
INSERT INTO `operation` (resNo,functionNo) VALUES (147,36);
INSERT INTO `operation` (resNo,functionNo) VALUES (148,36);
INSERT INTO `operation` (resNo,functionNo) VALUES (149,36);
INSERT INTO `operation` (resNo,functionNo) VALUES (150,35);
INSERT INTO `operation` (resNo,functionNo) VALUES (151,35);
INSERT INTO `operation` (resNo,functionNo) VALUES (152,35);
INSERT INTO `operation` (resNo,functionNo) VALUES (153,35);

-- 通知规则
INSERT INTO `noticerule` (noticeRuleId,dataFlag,emailTemp,noticeRuleName,noticeRuleNo,useStatus) VALUES (1,1,'email.ftl','通知请求人自助登录消息','notice_request_01',b'1');
INSERT INTO `noticerule` (noticeRuleId,dataFlag,emailTemp,noticeRuleName,noticeRuleNo,useStatus) VALUES (2,1,'email.ftl','接收到请求时通过电子邮件给予回复请求人','notice_request_02',b'1');
INSERT INTO `noticerule` (noticeRuleId,dataFlag,emailTemp,noticeRuleName,noticeRuleNo,useStatus) VALUES (3,1,'email.ftl','更新请求时通过邮件通知请求人','notice_request_03',b'1');
INSERT INTO `noticerule` (noticeRuleId,dataFlag,emailTemp,noticeRuleName,noticeRuleNo,useStatus) VALUES (4,1,'email.ftl','关闭请求时向请求人发送电子邮件','notice_request_04',b'1');
INSERT INTO `noticerule` (noticeRuleId,dataFlag,emailTemp,noticeRuleName,noticeRuleNo,useStatus) VALUES (5,1,'email.ftl','创建新请求时通过电子邮件通知技术员','notice_request_05',b'1');
INSERT INTO `noticerule` (noticeRuleId,dataFlag,emailTemp,noticeRuleName,noticeRuleNo,useStatus) VALUES (6,1,'email.ftl','指派请求时通过电子邮件通知技术员','notice_request_06',b'1');
INSERT INTO `noticerule` (noticeRuleId,dataFlag,emailTemp,noticeRuleName,noticeRuleNo,useStatus) VALUES (7,1,'email.ftl','当请求被用户重新打开时邮件通知技术员','notice_request_07',b'1');
INSERT INTO `noticerule` (noticeRuleId,dataFlag,emailTemp,noticeRuleName,noticeRuleNo,useStatus) VALUES (8,1,'email.ftl','当请求关闭时发送邮件到以下技术员','notice_request_08',b'1');
INSERT INTO `noticerule` (noticeRuleId,dataFlag,emailTemp,noticeRuleName,noticeRuleNo,useStatus) VALUES (9,1,'email.ftl','当请求添加到工作组时邮件通知组中的技术员','notice_request_09',b'1');
INSERT INTO `noticerule` (noticeRuleId,dataFlag,emailTemp,noticeRuleName,noticeRuleNo,useStatus) VALUES (10,1,'email.ftl','当请求处理完成时通知请求人','notice_request_10',b'1');
INSERT INTO `noticerule` (noticeRuleId,dataFlag,emailTemp,noticeRuleName,noticeRuleNo,useStatus) VALUES (11,1,'email.ftl','当请求处理完成时通知技术员','notice_request_11',b'1');

-- 常用分类
INSERT INTO `eventcategory` (EventId,EventDescription,EventName,categoryRoot,ParentEventNo) VALUES (1,'知识库分类','知识库分类','Knowledge',NULL);
INSERT INTO `eventcategory` (EventId,EventDescription,EventName,categoryRoot,ParentEventNo) VALUES (2,'请求分类','请求分类','Request',NULL);
INSERT INTO `eventcategory` (EventId,EventDescription,EventName,categoryRoot,ParentEventNo) VALUES (3,'变更分类','变更分类','Change',NULL);

-- 请求分类
INSERT INTO `eventcategory` (EventId,EventDescription,EventName,categoryRoot,ParentEventNo) VALUES (4,'故障请求','故障请求',NULL,2);
INSERT INTO `eventcategory` (EventId,EventDescription,EventName,categoryRoot,ParentEventNo) VALUES (5,'服务请求','服务请求',NULL,2);
INSERT INTO `eventcategory` (EventId,EventDescription,EventName,categoryRoot,ParentEventNo) VALUES (6,'变更请求','变更请求',NULL,2);
INSERT INTO `eventcategory` (EventId,EventDescription,EventName,categoryRoot,ParentEventNo) VALUES (7,'项目请求','项目请求',NULL,2);
INSERT INTO `eventcategory` (EventId,EventDescription,EventName,categoryRoot,ParentEventNo) VALUES (8,'任务/其它','任务/其它',NULL,2);
INSERT INTO `eventcategory` (EventId,EventDescription,EventName,categoryRoot,ParentEventNo) VALUES (9,'咨询','咨询',NULL,2);
INSERT INTO `eventcategory` (EventId,EventDescription,EventName,categoryRoot,ParentEventNo) VALUES (10,'文档','文档',NULL,2);

-- 知识库分类
INSERT INTO `eventcategory` (EventId,EventDescription,EventName,categoryRoot,ParentEventNo) VALUES (11,'软件问题','软件问题',NULL,1);
INSERT INTO `eventcategory` (EventId,EventDescription,EventName,categoryRoot,ParentEventNo) VALUES (12,'硬件问题','硬件问题',NULL,1);
INSERT INTO `eventcategory` (EventId,EventDescription,EventName,categoryRoot,ParentEventNo) VALUES (13,'网络问题','网络问题',NULL,1);
INSERT INTO `eventcategory` (EventId,EventDescription,EventName,categoryRoot,ParentEventNo) VALUES (14,'心理咨询','心理咨询',NULL,1);
INSERT INTO `eventcategory` (EventId,EventDescription,EventName,categoryRoot,ParentEventNo) VALUES (15,'心理辅导','心理辅导',NULL,14);

-- 配置项分类
INSERT INTO `eventcategory` (EventId,EventDescription,EventName,categoryRoot,ParentEventNo) VALUES (16,'服务器','服务器',NULL,3);
INSERT INTO `eventcategory` (EventId,EventDescription,EventName,categoryRoot,ParentEventNo) VALUES (17,'路由','路由',NULL,3);
INSERT INTO `eventcategory` (EventId,EventDescription,EventName,categoryRoot,ParentEventNo) VALUES (18,'显示设备','显示设备',NULL,3);
INSERT INTO `eventcategory` (EventId,EventDescription,EventName,categoryRoot,ParentEventNo) VALUES (19,'PC电脑','PC电脑',NULL,3);
INSERT INTO `eventcategory` (EventId,EventDescription,EventName,categoryRoot,ParentEventNo) VALUES (20,'重要文档','重要文档',NULL,3);
INSERT INTO `eventcategory` (EventId,EventDescription,EventName,categoryRoot,ParentEventNo) VALUES (21,'合同','合同',NULL,3);
INSERT INTO `eventcategory` (EventId,EventDescription,EventName,categoryRoot,ParentEventNo) VALUES (22,'订单','订单',NULL,3);

-- 配置项分类
INSERT INTO `category` (DTYPE,cno,dataFlag,cname,categoryRoot)VALUES ('CICategory',1,1,'配置项分类','CICategory');

-- 机构信息
INSERT INTO `organization` (orgNo,dataFlag,address,email,officeFax,officePhone,orgName,parentOrgNo) VALUES (1,1,'珠海市香洲区光明街1号，国华中心205室','itsmbest@gmail.com','0756-2210327','0756-2210327','国聿软件科技有限公司',NULL);
INSERT INTO `organization` (orgNo,dataFlag,address,email,officeFax,officePhone,orgName,parentOrgNo) VALUES (2,1,'205室','helpdesk@itsmbest.com','0756-2210327','0756-2210327','Helpdesk',1);
INSERT INTO `organization` (orgNo,dataFlag,address,email,officeFax,officePhone,orgName,parentOrgNo) VALUES (3,1,'','','0756-2210327','0756-2210327','财务部门',1);
INSERT INTO `organization` (orgNo,dataFlag,address,email,officeFax,officePhone,orgName,parentOrgNo) VALUES (4,1,'','','0756-2210327-123','0756-2210327-123','开发部门',1);
INSERT INTO `company` (homePage,logo,orgNo) VALUES ('http://www.bangzhutai.com','http://www.bangzhutai.com/logo.jpg',1);
INSERT INTO `organizationservices` VALUES (2);
INSERT INTO `organizationinner` VALUES (3);
INSERT INTO `organizationinner` VALUES (4);

-- 服务时间
INSERT INTO `servicetime` VALUES (1,NULL,NULL,0,NULL,NULL,NULL,NULL,NULL,b'1',17,0,b'1',b'1',b'0',9,0,b'0',b'1',b'1',b'1',2);

-- 角色信息
INSERT INTO `role` (roleId,dataFlag,description,roleName,roleCode,roleState) VALUES (1,1,'系统管理员角色，拥有系统最高权限','系统管理员','ROLE_ADMIN',b'1');

-- 用户信息
INSERT INTO `t_user` (userId,dataFlag,firstName,job,lastName,loginName,password,userCost,userState,orgNo) VALUES (1,1,'张','系统管理员','三','super','super',0,b'1',1);

-- 数据字典
INSERT INTO `datadictionarygroup` (groupNo,dataFlag,groupName) VALUES (1,1,'请求状态');
INSERT INTO `datadictionarygroup` (groupNo,dataFlag,groupName) VALUES (2,1,'请求来源');
INSERT INTO `datadictionarygroup` (groupNo,dataFlag,groupName) VALUES (3,1,'优先级');
INSERT INTO `datadictionarygroup` (groupNo,dataFlag,groupName) VALUES (4,1,'复杂程度');
INSERT INTO `datadictionarygroup` (groupNo,dataFlag,groupName) VALUES (5,1,'紧急度');
INSERT INTO `datadictionarygroup` (groupNo,dataFlag,groupName) VALUES (6,1,'影响范围');
INSERT INTO `datadictionarygroup` (groupNo,dataFlag,groupName) VALUES (7,1,'供应商');
INSERT INTO `datadictionarygroup` (groupNo,dataFlag,groupName) VALUES (8,1,'使用状态');
INSERT INTO `datadictionarygroup` (groupNo,dataFlag,groupName) VALUES (9,1,'所在位置');
INSERT INTO `datadictionarygroup` (groupNo,dataFlag,groupName) VALUES (10,1,'品牌');
INSERT INTO `datadictionarygroup` (groupNo,dataFlag,groupName) VALUES (11,1,'变更状态');

-- 数据字典项
INSERT INTO `datadictionaryitems` (dcode, dataFlag, description, dname, groupNo) VALUES (1 ,1,'审批失败','审批失败', 1);
INSERT INTO `datadictionaryitems` (dcode, dataFlag, description, dname, groupNo) VALUES (2 ,1,'审批完成','审批完成', 1);
INSERT INTO `datadictionaryitems` (dcode, dataFlag, description, dname, groupNo) VALUES (3 ,1,'关闭','关闭', 1);
INSERT INTO `datadictionaryitems` (dcode, dataFlag, description, dname, groupNo) VALUES (4 ,1,'已解决','已解决', 1);
INSERT INTO `datadictionaryitems` (dcode, dataFlag, description, dname, groupNo) VALUES (5 ,1,'其他','其他', 1);
INSERT INTO `datadictionaryitems` (dcode, dataFlag, description, dname, groupNo) VALUES (6 ,1,'Being Approved','审批中', 1);
INSERT INTO `datadictionaryitems` (dcode, dataFlag, description, dname, groupNo) VALUES (7 ,1,'四线处理中','四线处理中', 1);
INSERT INTO `datadictionaryitems` (dcode, dataFlag, description, dname, groupNo) VALUES (8 ,1,'三线处理中','三线处理中', 1);
INSERT INTO `datadictionaryitems` (dcode, dataFlag, description, dname, groupNo) VALUES (9 ,1,'二线处理中','二线处理中', 1);
INSERT INTO `datadictionaryitems` (dcode, dataFlag, description, dname, groupNo) VALUES (10 ,1,'一线处理中','一线处理中', 1);
INSERT INTO `datadictionaryitems` (dcode, dataFlag, description, dname, groupNo) VALUES (11 ,1,'其他','其他', 2);
INSERT INTO `datadictionaryitems` (dcode, dataFlag, description, dname, groupNo) VALUES (12 ,0,'电话','电话', 2);
INSERT INTO `datadictionaryitems` (dcode, dataFlag, description, dname, groupNo) VALUES (13 ,1,'邮件','邮件', 2);
INSERT INTO `datadictionaryitems` (dcode, dataFlag, description, dname, groupNo) VALUES (14 ,1,'网络','网络', 2);
INSERT INTO `datadictionaryitems` (dcode, dataFlag, description, dname, groupNo) VALUES (15 ,1,'网页表单','网页表单', 2);
INSERT INTO `datadictionaryitems` (dcode, dataFlag, description, dname, groupNo) VALUES (16 ,1,'高','高', 3);
INSERT INTO `datadictionaryitems` (dcode, dataFlag, description, dname, groupNo) VALUES (17 ,1,'低','低', 3);
INSERT INTO `datadictionaryitems` (dcode, dataFlag, description, dname, groupNo) VALUES (18 ,1,'中等','中等', 3);
INSERT INTO `datadictionaryitems` (dcode, dataFlag, description, dname, groupNo) VALUES (19 ,1,'正常','正常', 3);
INSERT INTO `datadictionaryitems` (dcode, dataFlag, description, dname, groupNo) VALUES (20 ,1,'故障排除 2','第四层', 4);
INSERT INTO `datadictionaryitems` (dcode, dataFlag, description, dname, groupNo) VALUES (21 ,1,'故障排除 1','第三层 ', 4);
INSERT INTO `datadictionaryitems` (dcode, dataFlag, description, dname, groupNo) VALUES (22 ,1,'Tips','第二层', 4);
INSERT INTO `datadictionaryitems` (dcode, dataFlag, description, dname, groupNo) VALUES (23 ,1,'信息','第一层', 4);
INSERT INTO `datadictionaryitems` (dcode, dataFlag, description, dname, groupNo) VALUES (24 ,1,'紧急','紧急', 5);
INSERT INTO `datadictionaryitems` (dcode, dataFlag, description, dname, groupNo) VALUES (25 ,1,'正常','正常', 5);
INSERT INTO `datadictionaryitems` (dcode, dataFlag, description, dname, groupNo) VALUES (26 ,1,'低','低', 5);
INSERT INTO `datadictionaryitems` (dcode, dataFlag, description, dname, groupNo) VALUES (27 ,1,'高','高', 5);
INSERT INTO `datadictionaryitems` (dcode, dataFlag, description, dname, groupNo) VALUES (28 ,1,'影响用户','影响用户', 6);
INSERT INTO `datadictionaryitems` (dcode, dataFlag, description, dname, groupNo) VALUES (29 ,1,'影响组','影响组', 6);
INSERT INTO `datadictionaryitems` (dcode, dataFlag, description, dname, groupNo) VALUES (30 ,1,'影响部门','影响部门', 6);
INSERT INTO `datadictionaryitems` (dcode, dataFlag, description, dname, groupNo) VALUES (31 ,1,'影响业务' ,'影响业务', 6);
INSERT INTO `datadictionaryitems` (dcode, dataFlag, description, dname, groupNo) VALUES (32 ,1,'已报废','已报废', 8);
INSERT INTO `datadictionaryitems` (dcode, dataFlag, description, dname, groupNo) VALUES (33 ,1,'已折旧','已折旧', 8);
INSERT INTO `datadictionaryitems` (dcode, dataFlag, description, dname, groupNo) VALUES (34 ,1,'维修中','维修中', 8);
INSERT INTO `datadictionaryitems` (dcode, dataFlag, description, dname, groupNo) VALUES (35 ,1,'使用中','使用中', 8);
INSERT INTO `datadictionaryitems` (dcode, dataFlag, description, dname, groupNo) VALUES (36 ,1,'库存','库存', 8);
INSERT INTO `datadictionaryitems` (dcode, dataFlag, description, dname, groupNo) VALUES (37 ,1,'戴尔','戴尔', 10);
INSERT INTO `datadictionaryitems` (dcode, dataFlag, description, dname, groupNo) VALUES (38 ,1,'惠普', '惠普', 10);
INSERT INTO `datadictionaryitems` (dcode, dataFlag, description, dname, groupNo) VALUES (39 ,1,'LG', 'LG', 10);
INSERT INTO `datadictionaryitems` (dcode, dataFlag, description, dname, groupNo) VALUES (40 ,1,'索尼','索尼',  10);
INSERT INTO `datadictionaryitems` (dcode, dataFlag, description, dname, groupNo) VALUES (41 ,1,'三星','三星', 10);
INSERT INTO `datadictionaryitems` (dcode, dataFlag, description, dname, groupNo) VALUES (42 ,1,'佳能', '佳能',10);
INSERT INTO `datadictionaryitems` (dcode, dataFlag, description, dname, groupNo) VALUES (43 ,1,'联想','联想', 10);
INSERT INTO `datadictionaryitems` (dcode, dataFlag, description, dname, groupNo) VALUES (44 ,1,'松下','松下', 10);
INSERT INTO `datadictionaryitems` (dcode, dataFlag, description, dname, groupNo) VALUES (45 ,1,'HAIR','HAIR', 10);
INSERT INTO `datadictionaryitems` (dcode, dataFlag, description, dname, groupNo) VALUES (46 ,1,'FOUNDER','FOUNDER', 10);
INSERT INTO `datadictionaryitems` (dcode, dataFlag, description, dname, groupNo) VALUES (47 ,1,'变更完成','变更完成', 11);
INSERT INTO `datadictionaryitems` (dcode, dataFlag, description, dname, groupNo) VALUES (48 ,1,'变更复审','变更复审', 11);
INSERT INTO `datadictionaryitems` (dcode, dataFlag, description, dname, groupNo) VALUES (49 ,1,'变更实施','变更实施', 11);
INSERT INTO `datadictionaryitems` (dcode, dataFlag, description, dname, groupNo) VALUES (50 ,1,'变更审批','变更审批', 11);
INSERT INTO `datadictionaryitems` (dcode, dataFlag, description, dname, groupNo) VALUES (51 ,1,'制定变更计划','制定变更计划', 11);
INSERT INTO `datadictionaryitems` (dcode, dataFlag, description, dname, groupNo) VALUES (52 ,1,'新建变更','新建变更', 11);



-- 请求规则
INSERT INTO `rulepackage` (rulePackageNo,dataFlag,description,imports,location,packageName,ruleFlag) VALUES (1,1,'请求规则包','com.wstuo.itsm.request.dto.RequestDTO;','request-rule.drl','请求规则','rules');

-- 角色对应的资源
INSERT INTO `role_resource` (roles_roleId,resources_resNo) VALUES (1,1);
INSERT INTO `role_resource` (roles_roleId,resources_resNo) VALUES (1,2);
INSERT INTO `role_resource` (roles_roleId,resources_resNo) VALUES (1,3);
INSERT INTO `role_resource` (roles_roleId,resources_resNo) VALUES (1,4);
INSERT INTO `role_resource` (roles_roleId,resources_resNo) VALUES (1,5);
INSERT INTO `role_resource` (roles_roleId,resources_resNo) VALUES (1,6);
INSERT INTO `role_resource` (roles_roleId,resources_resNo) VALUES (1,7);
INSERT INTO `role_resource` (roles_roleId,resources_resNo) VALUES (1,8);
INSERT INTO `role_resource` (roles_roleId,resources_resNo) VALUES (1,9);
INSERT INTO `role_resource` (roles_roleId,resources_resNo) VALUES (1,10);
INSERT INTO `role_resource` (roles_roleId,resources_resNo) VALUES (1,11);
INSERT INTO `role_resource` (roles_roleId,resources_resNo) VALUES (1,12);
INSERT INTO `role_resource` (roles_roleId,resources_resNo) VALUES (1,13);
INSERT INTO `role_resource` (roles_roleId,resources_resNo) VALUES (1,14);
INSERT INTO `role_resource` (roles_roleId,resources_resNo) VALUES (1,15);
INSERT INTO `role_resource` (roles_roleId,resources_resNo) VALUES (1,16);
INSERT INTO `role_resource` (roles_roleId,resources_resNo) VALUES (1,17);
INSERT INTO `role_resource` (roles_roleId,resources_resNo) VALUES (1,18);
INSERT INTO `role_resource` (roles_roleId,resources_resNo) VALUES (1,19);
INSERT INTO `role_resource` (roles_roleId,resources_resNo) VALUES (1,20);
INSERT INTO `role_resource` (roles_roleId,resources_resNo) VALUES (1,21);
INSERT INTO `role_resource` (roles_roleId,resources_resNo) VALUES (1,22);
INSERT INTO `role_resource` (roles_roleId,resources_resNo) VALUES (1,23);
INSERT INTO `role_resource` (roles_roleId,resources_resNo) VALUES (1,24);
INSERT INTO `role_resource` (roles_roleId,resources_resNo) VALUES (1,25);
INSERT INTO `role_resource` (roles_roleId,resources_resNo) VALUES (1,26);
INSERT INTO `role_resource` (roles_roleId,resources_resNo) VALUES (1,27);
INSERT INTO `role_resource` (roles_roleId,resources_resNo) VALUES (1,28);
INSERT INTO `role_resource` (roles_roleId,resources_resNo) VALUES (1,29);
INSERT INTO `role_resource` (roles_roleId,resources_resNo) VALUES (1,30);
INSERT INTO `role_resource` (roles_roleId,resources_resNo) VALUES (1,31);
INSERT INTO `role_resource` (roles_roleId,resources_resNo) VALUES (1,32);
INSERT INTO `role_resource` (roles_roleId,resources_resNo) VALUES (1,33);
INSERT INTO `role_resource` (roles_roleId,resources_resNo) VALUES (1,34);
INSERT INTO `role_resource` (roles_roleId,resources_resNo) VALUES (1,35);
INSERT INTO `role_resource` (roles_roleId,resources_resNo) VALUES (1,36);
INSERT INTO `role_resource` (roles_roleId,resources_resNo) VALUES (1,37);
INSERT INTO `role_resource` (roles_roleId,resources_resNo) VALUES (1,38);
INSERT INTO `role_resource` (roles_roleId,resources_resNo) VALUES (1,39);
INSERT INTO `role_resource` (roles_roleId,resources_resNo) VALUES (1,40);
INSERT INTO `role_resource` (roles_roleId,resources_resNo) VALUES (1,41);
INSERT INTO `role_resource` (roles_roleId,resources_resNo) VALUES (1,42);
INSERT INTO `role_resource` (roles_roleId,resources_resNo) VALUES (1,43);
INSERT INTO `role_resource` (roles_roleId,resources_resNo) VALUES (1,44);
INSERT INTO `role_resource` (roles_roleId,resources_resNo) VALUES (1,45);
INSERT INTO `role_resource` (roles_roleId,resources_resNo) VALUES (1,46);
INSERT INTO `role_resource` (roles_roleId,resources_resNo) VALUES (1,47);
INSERT INTO `role_resource` (roles_roleId,resources_resNo) VALUES (1,48);
INSERT INTO `role_resource` (roles_roleId,resources_resNo) VALUES (1,49);
INSERT INTO `role_resource` (roles_roleId,resources_resNo) VALUES (1,50);
INSERT INTO `role_resource` (roles_roleId,resources_resNo) VALUES (1,51);
INSERT INTO `role_resource` (roles_roleId,resources_resNo) VALUES (1,52);
INSERT INTO `role_resource` (roles_roleId,resources_resNo) VALUES (1,53);
INSERT INTO `role_resource` (roles_roleId,resources_resNo) VALUES (1,54);
INSERT INTO `role_resource` (roles_roleId,resources_resNo) VALUES (1,55);
INSERT INTO `role_resource` (roles_roleId,resources_resNo) VALUES (1,56);
INSERT INTO `role_resource` (roles_roleId,resources_resNo) VALUES (1,57);
INSERT INTO `role_resource` (roles_roleId,resources_resNo) VALUES (1,58);
INSERT INTO `role_resource` (roles_roleId,resources_resNo) VALUES (1,59);
INSERT INTO `role_resource` (roles_roleId,resources_resNo) VALUES (1,60);
INSERT INTO `role_resource` (roles_roleId,resources_resNo) VALUES (1,61);
INSERT INTO `role_resource` (roles_roleId,resources_resNo) VALUES (1,62);
INSERT INTO `role_resource` (roles_roleId,resources_resNo) VALUES (1,63);
INSERT INTO `role_resource` (roles_roleId,resources_resNo) VALUES (1,64);
INSERT INTO `role_resource` (roles_roleId,resources_resNo) VALUES (1,65);
INSERT INTO `role_resource` (roles_roleId,resources_resNo) VALUES (1,66);
INSERT INTO `role_resource` (roles_roleId,resources_resNo) VALUES (1,67);
INSERT INTO `role_resource` (roles_roleId,resources_resNo) VALUES (1,68);
INSERT INTO `role_resource` (roles_roleId,resources_resNo) VALUES (1,69);
INSERT INTO `role_resource` (roles_roleId,resources_resNo) VALUES (1,70);
INSERT INTO `role_resource` (roles_roleId,resources_resNo) VALUES (1,71);
INSERT INTO `role_resource` (roles_roleId,resources_resNo) VALUES (1,72);
INSERT INTO `role_resource` (roles_roleId,resources_resNo) VALUES (1,73);
INSERT INTO `role_resource` (roles_roleId,resources_resNo) VALUES (1,74);
INSERT INTO `role_resource` (roles_roleId,resources_resNo) VALUES (1,75);
INSERT INTO `role_resource` (roles_roleId,resources_resNo) VALUES (1,76);
INSERT INTO `role_resource` (roles_roleId,resources_resNo) VALUES (1,77);
INSERT INTO `role_resource` (roles_roleId,resources_resNo) VALUES (1,78);
INSERT INTO `role_resource` (roles_roleId,resources_resNo) VALUES (1,79);
INSERT INTO `role_resource` (roles_roleId,resources_resNo) VALUES (1,80);
INSERT INTO `role_resource` (roles_roleId,resources_resNo) VALUES (1,81);
INSERT INTO `role_resource` (roles_roleId,resources_resNo) VALUES (1,82);
INSERT INTO `role_resource` (roles_roleId,resources_resNo) VALUES (1,83);
INSERT INTO `role_resource` (roles_roleId,resources_resNo) VALUES (1,84);
INSERT INTO `role_resource` (roles_roleId,resources_resNo) VALUES (1,85);
INSERT INTO `role_resource` (roles_roleId,resources_resNo) VALUES (1,86);
INSERT INTO `role_resource` (roles_roleId,resources_resNo) VALUES (1,87);
INSERT INTO `role_resource` (roles_roleId,resources_resNo) VALUES (1,88);
INSERT INTO `role_resource` (roles_roleId,resources_resNo) VALUES (1,89);
INSERT INTO `role_resource` (roles_roleId,resources_resNo) VALUES (1,90);
INSERT INTO `role_resource` (roles_roleId,resources_resNo) VALUES (1,91);
INSERT INTO `role_resource` (roles_roleId,resources_resNo) VALUES (1,92);
INSERT INTO `role_resource` (roles_roleId,resources_resNo) VALUES (1,93);
INSERT INTO `role_resource` (roles_roleId,resources_resNo) VALUES (1,94);
INSERT INTO `role_resource` (roles_roleId,resources_resNo) VALUES (1,95);
INSERT INTO `role_resource` (roles_roleId,resources_resNo) VALUES (1,96);
INSERT INTO `role_resource` (roles_roleId,resources_resNo) VALUES (1,97);
INSERT INTO `role_resource` (roles_roleId,resources_resNo) VALUES (1,98);
INSERT INTO `role_resource` (roles_roleId,resources_resNo) VALUES (1,99);
INSERT INTO `role_resource` (roles_roleId,resources_resNo) VALUES (1,100);
INSERT INTO `role_resource` (roles_roleId,resources_resNo) VALUES (1,101);
INSERT INTO `role_resource` (roles_roleId,resources_resNo) VALUES (1,102);
INSERT INTO `role_resource` (roles_roleId,resources_resNo) VALUES (1,103);
INSERT INTO `role_resource` (roles_roleId,resources_resNo) VALUES (1,104);
INSERT INTO `role_resource` (roles_roleId,resources_resNo) VALUES (1,105);
INSERT INTO `role_resource` (roles_roleId,resources_resNo) VALUES (1,106);
INSERT INTO `role_resource` (roles_roleId,resources_resNo) VALUES (1,107);
INSERT INTO `role_resource` (roles_roleId,resources_resNo) VALUES (1,108);
INSERT INTO `role_resource` (roles_roleId,resources_resNo) VALUES (1,109);
INSERT INTO `role_resource` (roles_roleId,resources_resNo) VALUES (1,110);
INSERT INTO `role_resource` (roles_roleId,resources_resNo) VALUES (1,111);
INSERT INTO `role_resource` (roles_roleId,resources_resNo) VALUES (1,112);
INSERT INTO `role_resource` (roles_roleId,resources_resNo) VALUES (1,113);
INSERT INTO `role_resource` (roles_roleId,resources_resNo) VALUES (1,114);
INSERT INTO `role_resource` (roles_roleId,resources_resNo) VALUES (1,115);
INSERT INTO `role_resource` (roles_roleId,resources_resNo) VALUES (1,116);
INSERT INTO `role_resource` (roles_roleId,resources_resNo) VALUES (1,117);
INSERT INTO `role_resource` (roles_roleId,resources_resNo) VALUES (1,118);
INSERT INTO `role_resource` (roles_roleId,resources_resNo) VALUES (1,119);
INSERT INTO `role_resource` (roles_roleId,resources_resNo) VALUES (1,120);
INSERT INTO `role_resource` (roles_roleId,resources_resNo) VALUES (1,121);
INSERT INTO `role_resource` (roles_roleId,resources_resNo) VALUES (1,122);
INSERT INTO `role_resource` (roles_roleId,resources_resNo) VALUES (1,123);
INSERT INTO `role_resource` (roles_roleId,resources_resNo) VALUES (1,124);
INSERT INTO `role_resource` (roles_roleId,resources_resNo) VALUES (1,125);
INSERT INTO `role_resource` (roles_roleId,resources_resNo) VALUES (1,126);
INSERT INTO `role_resource` (roles_roleId,resources_resNo) VALUES (1,127);
INSERT INTO `role_resource` (roles_roleId,resources_resNo) VALUES (1,128);
INSERT INTO `role_resource` (roles_roleId,resources_resNo) VALUES (1,129);
INSERT INTO `role_resource` (roles_roleId,resources_resNo) VALUES (1,130);
INSERT INTO `role_resource` (roles_roleId,resources_resNo) VALUES (1,131);
INSERT INTO `role_resource` (roles_roleId,resources_resNo) VALUES (1,132);
INSERT INTO `role_resource` (roles_roleId,resources_resNo) VALUES (1,133);
INSERT INTO `role_resource` (roles_roleId,resources_resNo) VALUES (1,134);
INSERT INTO `role_resource` (roles_roleId,resources_resNo) VALUES (1,135);
INSERT INTO `role_resource` (roles_roleId,resources_resNo) VALUES (1,136);
INSERT INTO `role_resource` (roles_roleId,resources_resNo) VALUES (1,137);
INSERT INTO `role_resource` (roles_roleId,resources_resNo) VALUES (1,138);
INSERT INTO `role_resource` (roles_roleId,resources_resNo) VALUES (1,139);
INSERT INTO `role_resource` (roles_roleId,resources_resNo) VALUES (1,140);
INSERT INTO `role_resource` (roles_roleId,resources_resNo) VALUES (1,141);
INSERT INTO `role_resource` (roles_roleId,resources_resNo) VALUES (1,142);
INSERT INTO `role_resource` (roles_roleId,resources_resNo) VALUES (1,143);
INSERT INTO `role_resource` (roles_roleId,resources_resNo) VALUES (1,144);
INSERT INTO `role_resource` (roles_roleId,resources_resNo) VALUES (1,145);
INSERT INTO `role_resource` (roles_roleId,resources_resNo) VALUES (1,146);
INSERT INTO `role_resource` (roles_roleId,resources_resNo) VALUES (1,147);
INSERT INTO `role_resource` (roles_roleId,resources_resNo) VALUES (1,148);
INSERT INTO `role_resource` (roles_roleId,resources_resNo) VALUES (1,149);
INSERT INTO `role_resource` (roles_roleId,resources_resNo) VALUES (1,150);
INSERT INTO `role_resource` (roles_roleId,resources_resNo) VALUES (1,151);
INSERT INTO `role_resource` (roles_roleId,resources_resNo) VALUES (1,152);
INSERT INTO `role_resource` (roles_roleId,resources_resNo) VALUES (1,153);

-- 用户角色
INSERT INTO `t_user_role` (users_userId,roles_roleId) VALUES (1,1);

-- 流程
INSERT INTO `jbpm4_deployment` VALUES (1,NULL,0,'active');
INSERT INTO `jbpm4_deployment` VALUES (8,NULL,0,'active');
INSERT INTO `jbpm4_deployprop` VALUES (4,1,'Request0425','langid','jpdl-4.4',NULL);
INSERT INTO `jbpm4_deployprop` VALUES (5,1,'Request0425','pdid','Request0425-1',NULL);
INSERT INTO `jbpm4_deployprop` VALUES (6,1,'Request0425','pdkey','Request0425',NULL);
INSERT INTO `jbpm4_deployprop` VALUES (7,1,'Request0425','pdversion',NULL,1);
INSERT INTO `jbpm4_deployprop` VALUES (11,8,'Changes','langid','jpdl-4.4',NULL);
INSERT INTO `jbpm4_deployprop` VALUES (12,8,'Changes','pdid','Changes-1',NULL);
INSERT INTO `jbpm4_deployprop` VALUES (13,8,'Changes','pdkey','Changes',NULL);
INSERT INTO `jbpm4_deployprop` VALUES (14,8,'Changes','pdversion',NULL,1);
INSERT INTO `jbpm4_lob` VALUES (2,0,X'3C3F786D6C2076657273696F6E3D22312E302220656E636F64696E673D225554462D38223F3E0A0A3C70726F63657373206E616D653D2252657175657374303432352220786D6C6E733D22687474703A2F2F6A62706D2E6F72672F342E342F6A70646C223E0D0A2020203C737461727420673D2233332C33322C34382C343122206E616D653D22E5BC80E5A78B223E0D0A2020202020203C7472616E736974696F6E20673D2232322C2D313822206E616D653D22E8AFB7E6B182E799BBE8AEB02220746F3D22E8AFB7E6B182E799BBE8AEB0222F3E0D0A2020203C2F73746172743E0D0A2020203C737461746520673D22392C3134372C39322C343422206E616D653D22E8AFB7E6B182E799BBE8AEB0223E0D0A2020202020203C7472616E736974696F6E20673D222D32392C323722206E616D653D22E698AFE590A6E5AEA1E689B92220746F3D22E698AFE590A6E5AEA1E689B9222F3E0D0A2020203C2F73746174653E0D0A2020203C6465636973696F6E20673D223136322C3134352C34382C343822206E616D653D22E698AFE590A6E5AEA1E689B9223E0D0A2020202020203C7472616E736974696F6E20673D222D34322C2D313322206E616D653D22E5AEA1E689B92220746F3D22E5AEA1E689B9223E0D0A202020202020093C636F6E646974696F6E20657870723D22237B64746F2E617070726F76616C4E6F20213D20307D222F3E0D0A2020202020203C2F7472616E736974696F6E3E0D0A2020202020203C7472616E736974696F6E20673D222D32392C323522206E616D653D22E4B880E7BABFE5A484E790862220746F3D22E4B880E7BABFE5A484E79086223E0D0A202020202020093C636F6E646974696F6E20657870723D22237B64746F2E617070726F76616C4E6F203D3D20307D222F3E0D0A2020202020203C2F7472616E736974696F6E3E0D0A2020203C2F6465636973696F6E3E0D0A2020203C7461736B2061737369676E65653D22237B64746F2E617070726F76616C4E616D657D2220673D223134322C32372C39322C343422206E616D653D22E5AEA1E689B9223E0D0A2020202020203C7472616E736974696F6E20673D22312C2D323722206E616D653D22E5908CE6848F2220746F3D22E4B880E7BABFE5A484E79086222F3E0D0A2020202020203C7472616E736974696F6E20673D223832332C34353A2D3437392C2D323422206E616D653D22E4B88DE5908CE6848F2220746F3D22E7BB93E69D9F222F3E0D0A2020203C2F7461736B3E0D0A2020203C7461736B20673D223235342C3134352C39322C343222206E616D653D22E4B880E7BABFE5A484E79086223E0D0A2020202020203C6465736372697074696F6E3EE4B880E7BABFE5B7A5E7A88BE5B888E5A484E79086E4B8AD3C2F6465736372697074696F6E3E0D0A2020202020200D0A2020202020203C7472616E736974696F6E20673D223239392C38323A34312C2D323322206E616D653D22E68C87E6B4BEE4BA8CE7BABF2220746F3D22E4BA8CE7BABFE5A484E79086222F3E0D0A2020202020203C7472616E736974696F6E20673D222D31342C2D323222206E616D653D22E68C87E6B4BEE4B889E7BABF2220746F3D22E4B889E7BABFE5A484E79086222F3E0D0A2020202020203C7472616E736974696F6E20673D222D36312C2D3222206E616D653D22E68C87E6B4BEE59B9BE7BABF2220746F3D22E59B9BE7BABFE5A484E79086222F3E0D0A2020202020203C7472616E736974696F6E20673D223332302C3238383B3638312C3238393A2D32392C2D323622206E616D653D22E5A484E79086E5AE8CE688902220746F3D22E5A484E79086E5AE8CE68890222F3E0D0A2020203C2F7461736B3E0D0A2020203C7461736B20673D223437392C35382C39322C343322206E616D653D22E4BA8CE7BABFE5A484E79086223E0D0A2020200920203C6465736372697074696F6E3EE4BA8CE7BABFE5B7A5E7A88BE5B888E5A484E79086E4B8AD3C2F6465736372697074696F6E3E0D0A2020200920203C61737369676E6D656E742D68616E646C657220636C6173733D22636F6D2E73696E62612E6974736D2E726571756573742E736572766963652E41737369676E5461736B222F3E0D0A2020202020203C7472616E736974696F6E20673D222D34332C2D323322206E616D653D22E8AFB7E6B182E98080E59B9E2220746F3D22E4B880E7BABFE5A484E79086222F3E0D0A2020202020203C7472616E736974696F6E20673D222D31342C2D333022206E616D653D22E5A484E79086E5AE8CE688902220746F3D22E5A484E79086E5AE8CE68890222F3E0D0A2020203C2F7461736B3E0D0A2020203C7461736B20673D223438362C3134332C39322C343222206E616D653D22E4B889E7BABFE5A484E79086223E0D0A2020200920203C6465736372697074696F6E3EE4B889E7BABFE5B7A5E7A88BE5B888E5A484E79086E4B8AD3C2F6465736372697074696F6E3E0D0A0920203C61737369676E6D656E742D68616E646C657220636C6173733D22636F6D2E73696E62612E6974736D2E726571756573742E736572766963652E41737369676E5461736B222F3E0D0A2020202020203C7472616E736974696F6E20673D223433322C3138393A32302C2D3522206E616D653D22E8AFB7E6B182E98080E59B9E2220746F3D22E4B880E7BABFE5A484E79086222F3E0D0A2020202020203C7472616E736974696F6E20673D222D33312C2D323222206E616D653D22E5A484E79086E5AE8CE688902220746F3D22E5A484E79086E5AE8CE68890222F3E0D0A2020203C2F7461736B3E0D0A2020203C7461736B20673D223438392C3231302C39322C343222206E616D653D22E59B9BE7BABFE5A484E79086223E0D0A2020202020203C6465736372697074696F6E3EE59B9BE7BABFE5B7A5E7A88BE5B888E5A484E79086E4B8AD3C2F6465736372697074696F6E3E0D0A0920203C61737369676E6D656E742D68616E646C657220636C6173733D22636F6D2E73696E62612E6974736D2E726571756573742E736572766963652E41737369676E5461736B222F3E0D0A2020202020203C7472616E736974696F6E20673D223333332C3233313A33382C3522206E616D653D22E8AFB7E6B182E98080E59B9E2220746F3D22E4B880E7BABFE5A484E79086222F3E0D0A2020202020203C7472616E736974696F6E20673D222D372C313622206E616D653D22E5A484E79086E5AE8CE688902220746F3D22E5A484E79086E5AE8CE68890222F3E0D0A2020203C2F7461736B3E0D0A2020203C7461736B20673D223635322C3133392C39322C343122206E616D653D22E5A484E79086E5AE8CE68890223E0D0A2020202020203C7472616E736974696F6E20673D223639362C3330323B3330302C3330313A2D33362C3922206E616D653D22E9878DE696B0E5BC80E590AF2220746F3D22E4B880E7BABFE5A484E79086222F3E0D0A2020202020203C7472616E736974696F6E20673D222D32382C2D333222206E616D653D22E8AFB7E6B182E585B3E997AD2220746F3D22E7BB93E69D9F222F3E0D0A2020203C2F7461736B3E0D0A2020203C656E6420673D223830312C3133372C34382C343122206E616D653D22E7BB93E69D9F222F3E0D0A3C2F70726F636573733E',1,'itil-request.jpdl.xml');
INSERT INTO `jbpm4_lob` VALUES (3,0,X'89504E470D0A1A0A0000000D49484452000003BE000001F008020000000ED12463000065F649444154789CECBD6D701CD779A0BB55F9E97F4EA56AAF3695F5F5ADECDE78AF7795DA5A97BCB57B8BA9CD2D6FAAEE46EBCD87B2CE66EDAC138977578EA3C4B21DC7B2287E8890044A90049190028AA00C1110056A2009B2401A14480224400224448124400124488230840F72020C41100442DC77E6CCF49CEEE99EE9F93C3D33CF53A78099EED33D3D3D3DDD4FBFF39E73FED13A0000000000F8E01F99DE000000000080F200750600000000F005EA0C00000000E00BD41900000000C017A83300000000802F506700000000005FA0CE0000000000BE409D01000000007C813A0300000000F802750600000000F005EA0C00000000E00BD41900000000C017A83300000000802F506700000000005FA0CE0000000000BE409D01000000007C813A0300000000F802750600000000F005EA0C00000000E00BD41900000000C017A83300000000802F506700000000005FA0CE0000000000BE409D01607DBE77D7A6F48446D7D74743996A38882EE032190000A05C419D012085A84AEFEA9D774C1D0DA54EB366C51D39BD5E7B2E0F00005016A0CE00E0C4235AEC479D5D5720268E3403004025803A03801DCF348BA83A8FBAA576ECEAED0DF948E950554BFE7E0000000A06EA0C001AB1ACE75DBB7685465343C5FEA2CEB29C9B783BE2D2000000E508EA0C0016D1A8B1E871C27E6341E4A4F0C6D5D9D1A63036CDAECEFE1B120200009415A833002862CE1BD35B3D70ACE973529DADB989D03451670000A80A506700587704989DF62B33A382EC5B9D893A03004085823A03C0BAD8AEEEB59E81633F091BEBB6F5D87C9C6E360000A0CC419D2B907BF7D63F387BED27ED831B6A3BA4FCD2C6D7025E1ED8DE2EDBF9DDD6BE37FBC79756D64CEF3FC8ACCE2973F57E9DE581A34AC29A63FF8BB8DD000000450675AE286EDC5AF941DBA9CF3FD664DC86F329DFDC73647C66D1F4BEAC6AD2ABB3A3A69E8D11CFEC484DDA20DE0C00001501EA5C3934F78FDFF778B3B2CFFBB71C7822347870F817526E2EAEDD5E5E0F7251DBF9DCC14FAC18F9E7BEB3FB27ED83F7EE99DEA7000000001AA87325208AF9DDD63E259D5F7BF1C3A12B61E3369C7319995A7CE8D5C3EABD3CB8F3D08D5B2BA6F72E000000409C80AAF3BD7BF7FE21C6DADADAAA07324BD5B957F5C149E5CD9FFBCEEE97BB2E1877DF42C5A155DAC986DA8EAAFF780100002028044E9D95348B19AFACAC2C2F2F2F2D2DDDBA752B92824C94595241AA49E56A16E8E6FE71E5CDA29BC695B78065E84A58E59FFCA0ED94E97D0C000000102540EA6C49F39D3B77C48CDFEFABDFB6E7BFFE7F4FFFEBFFFAC35FFB2F7FF52BFFF92F7F598A3C90A7325166BD77A2FEC68D1B0B0B0B525916A94E81BE7E7349F9E56B472F1A97DD8297A3A333724B20EFEEF415DA98010000807902A1CEBA342F4616EADB1EFDF3CDFFF20F1FBFEF7F6EFF37CFFEF4BF1F38567B66E2C35FDC1A91220FE4A94C94595241AA49E5CF66A6C3E170750AB44AD578F09543C635B748E589D0A04ADB30BDA70100000002A0CECA9BEFDEBD7BFBF6EDE6839B1EDEF2AFFEF4C92FBDF8D62317674E84D7AEA5295241AA496559E4A70737CDCECE2E2C2CC84A64555562CF4B2B6B2A285BD6ED02D3979B8B6B2AAC7EE62A8167000000308C617556DEBCB2B2B2B4B4B4F5F53FFCC6DF7CA1AEF5E1F4C69C5A64115950169F9A9ABA79F3A6AC4A56580DF67CE0F4848AC81A17DCA296877FDA236FF3C977074DEF6F000000A8764CAAB3E5CDD3F313DF7FE9FF79F499077A2EBC95AD37AB220BCAE2B2924F2786E7E7E723914835D8F3C6E6A8536EE9182A9AB64EED7B64C3F61EB75997DF7EB8A65F1E8CB76C7CB8652A3AA5A776436C4AC1CB7B67AEC9DBFCCDAD074CEF6F000000A8768CA9B3E5CDA2B9A2BC3F7CF96B33CB9FE6E6CDAAC8E2B21259D5D5AB57E7E6E6AAC19ED5002205EE58430C382D71932EA13A4F8757E46DDEF778B3E9FD0D000000D58E317556F9CD4B4B4B5B76FFC1A3CF3C90A7375BF62CAB92158A3DCFCFCFCBCA55DEB3A9F7586CBEF8A31671CA91A9C5C2AA735C85DD8A88B2A8F3B11A4BA46BF7A5AA73111C5AA5749BDEDF0000E5CAF4F4F444C0181818E80E18EDEDED4D01A3B5B5757575D5F4E10336CCA8F3BD7BF7E450B87DFBF6DECE1F7FE36FBE90739E866BE686ACB0E9C31F5FBB76EDE6CD9BF212F242951A785643EE15759CED6450D951B4A8B392E8871FD9183566F1E647DE1E2FF466A0CE509D98761B174CBB8D0BCDCDCDA6F5C6494D4DCDA680D1D0D0607AAF38E9E8E8307DEC38191A1A32FD0D73525B5B1B0E874D9F8AC0861975FE877FF8873B77EE84FFFEC69F6FF9577EDB05AE66D16A50567B61E4DCD4D4D4C2C282BC50A5069E953A17DE98BD73369279CFAE091B42717236D43B35BDBF7D1189444C9F699D8C8C8C98BE1E39E9ECEC347DD576D2D8D868DA6D5C30BD575C307DECB830363666FA4BE6647979D9F4A9082A84BABA3AD439681850671572BE75EB56DDFE47FEF4C9DF985FB934BF7279EEEE2529F3F277E572F4E94AF441F4F15D5564D6E5D894686559644E9EDE5515A20B46A7DF4D4CBC7B59562B2B1F1F1F9F9D9D9517AAD4C073F1D4D98A34EB516795AD915467AF848D12AAB35CC84DBB8D93DADA5AD36EE3A4B5B5D5B4DB38E9EBEB33ED364E2627274BFF150600480FEA1C400CA8733CE41C0EFFD953FFD78E966F4FDF1EF98556E4E9F452ECAF7ABA149BAEA62C8D4EDF1E9D4E544BD6BF1DAF633D95D5CACA878787E572282F54A981675351E778AE73A99A099657D4190000A050A0CE01A4D4EA6C859CF7773FFB078FDF3778E56757168662E563F97B553D5E8C3E508FAF2E0EC52B2C7EACEA5C894EF9F86AB4242B5B15AEC616199CF84056DE7278FBD8D85805079E0D479D3DD5B97F7BA1D39D51670000A84250E700526A75561DD22D2C2C6CFABBAF3FB2ED372FCE9FB878A3EF5355E64FA872715E1EAB297D17A32536F146EC71AC66ECEF89D8F4D8536BAE7A2AB36E9C90953FF9775F3F77EEDCF5EBD7E5E5544775257EB3C52640B9CE62DBAA99A09A853A030000E40DEA1C400CA8F3F2F2F28D1BD1068262CFC39F7D343C1D2B9F7DF449A2C4261E96899F4C7F14AFF0D9E161355D3D988E558B55882E9278309C5CFC23F1667989D3A74F4F4C4CC8CBC98B569E3AAB11AA0BDC395DF651E7A8538B2B17B3733AF54E4DEF6F00008092823A079052ABF3DADADAD2D2D2DCDCDC433FF8D586F7FF6A70F26783931FC4FE46CB69F5E09A3551FE7E703A36E5B43C56D3AFA93AD6528929DA44A92C2B97973879F2E4F8F8B8BC9CBCA8BC7489DF6CB179607BBB08E5D1D199C2079E13C5B5733AA5CB6AFAB11A2B14DDBF3D35385DB8A8F3E71F6B32BDBF0100004A0AEA1C404AADCE2AD1796666E6EB8FFDCA3BFDCF9FB8FCCE8989D089CBA1BE8964894E9978A76FE21DF5E0447CE23B52395641CD524F558957B36ACA4459B9BCC4F1E3C72F5EBC282FA7D29D4BFC668BCD1FBD76589CF2B5A3178BA7CE4128272FCDCBDBFCD293FB4DEF6F00008092823A071003EA1C8944A6A7A7FFF35FFE72D785BDC7C6DF92D213FB1B7F30A69EEE8F3DDDDF33B6DF3E57A647A7A8893D63D6E2FBE34FA3F5A3150E9FDF2B2FD1D3D3333232222F272F5A79EAFC4AF70571CA875E3D6CDC6E8B5A9E080DCADBDCD8DC637A7F0300009414D439809854E79F9F7BFDC8A72D473EDD97282DB6A763D1A7473FDD77746C9F7A70646C5FF4A99A18AF9F983BB64F5F8FD439746E8FBCC4B163C72A589D2FCD2E8A537EEE3BBB2766978C0B6EF1CAFD5B0EC8DBFCE0936BA6F73700004049419D03883175FEFA63BFB2FF784D5479C75AE21E3CA684586C5839744B429A5BD45CF538EECD09573E9AB0EA789DF8B2FBDEEAAD91971075BE70E142A5AAB3F0E0CE43A2957FD1D2675C708B54DE38312E6FF0BEC79B6FAF545AAA3A0000407A9A9A9A2626264C6F05D830A6CE0F7DFF575F0EFD2F956BD1336EA561C4D32D54B6C6B1F164B68655E158B29AAA6095B7B4076FC9CAE5252A5E9D4F5F995781E79397E68D6B6EC1CB747845F5ADF14AF705D37B1A0000A0D4A0CE01C4983AFFD9E62FFF6DC3FFABB70EECBB626B2CE83E25FD74ADC8CAE5252A3B6143F1CDD78F885C7EF1472D1596B67173716D436D87BCB507B6B757DC683600000099419D038831757EA2E13FFDF9967F69754BA77AA63B6DF54F673DBE9E9C7EDA59EDC3D3D1F23367892D222B9797A8EC66828AA59535D54BDD979EDC3F74256C5C790B52A6C32BCA9BEF7BBCF9D2ECA2E97D0C00006000D4398018EB9CEEA78736FDC1F7FEB7A3A32DC39F7527863B899773DADFC4DCEE735685E9EEE42289E1541223A774AB29C7465A64E54D1FFEA4B23BA7B3189F59BC7FEB01D5F9F1CB5D178C8B6F9E65FFC084CAD390B773FAEABCE9BD0B00006006D43980181B12657C7CFC7F6CFA17353FFD6FF131B7E36371C74B7274EE1BF6B9294FE343736BB3648AAC5656FEE1871F56F690283A4B77D61E8A75F3ACC2CF4F8406CB2EFB79646AF1B9839FA8FE34A4C8CD00F1E6A233DFBB2B341A7D301ADAD53BAF4DDD2444E78C86D47F27D1E9893A59BC58F245D413F54ADA4B03004012D43980181B885B0E85DA7D7FFAAD9FFC9F57163FBEBA307475F1E32BF27761E8CAC2C7D1C7D192781A9B1B9F28531655894E892F187DF0B15A436C251FCB6A65E55D5D5D953D10B7837BF7D63BCE5E136F56EAA98A0ADF06BCA46EF38E9F7F427E7329D0D4799386DD65953EDB6B64A3CCCED74A3CC3980100D2833A071003EABCB2B2B2B0B070FDFAF5E1E1B37FB6F9CBE2B8BFB83D327D7BC4FAFB8BF8E3D1F8D3A551356B3A5E6134F1783459474D5C8A4E9715CA6ADFEF78EFD8B163E7CE9D931792979317AD78755688711E3833B1B1B9A72CA4592F9F7FACE95B7B8EBCD93F4E3F74A54177E15028E41459A7DB8EA6D4D0AB6EF224BE545C9C2D7F8EADBE37E4A8053921DFFA0FCE5EFB49FBE086DA0ED54820E0E581EDEDB29DDF6DED93EFFB12DF77006F50E700526A75BE77EF9E4A779E9D9D1D1B1BFBBBF71FFFC6DF7CE1E8F0BEB9954BF3772FCFAD5C9E9772F752F4EFCAA5B9BBEAF1A5E8DFBB97E273572ECFC56A46175195A3E572AC5C3A7A6E9FACF0B5F71E3F78F0E0A953A7E425E48554A2F33DC298000E9291607B5039115996A909A975A87396A916A3A1D8EB44FF69AF9443EC1A6CDCB8B5F283B65372DB69DC86F329DFDC73647C86EC2C001750E700526A755E8F059EEFDCB9130E872727278787879F6AFCBD479F796066F9D3F0DAB53C8BAC4456252B7CFFFDF78F1D3B262B979790179297AB9290334076D89328BCAAC4B39EA39E3C9A5B9CD825355A2661CEF9D1DC3F6EFDB874FF96034F84060F0EFF42CACDC535E34D17D217B59DCF1DFCC48A917FEE3BBB7FD23E487C03C001EA1C400CA8B31E781E1F1F1F1C1C7CFCC5FFF0C397BFE666CF57B3F2665989AC2A140A1D3E7C58562B2B27E40C900EAB41A04BCE85436C2D7596E909E34E93C4E1F25AF3B6AAD135850840E7869CCFBEDBDAA7A4F36B2F7E58D6BD528E4C2D3EF46ABC89F3833B0FDDB8B5627AEF020408D439801850E7F544E0796161616A6A6A6464A4E7549728EFA3CF3CD073E1AD5CE2CDABD76441595C56F2EE876F1D3A74A8BFBF5F562B2B979720E40CE04A5C96ADD4639BBCDA3239E249CA49758E3A7328B46BD3AEDED179DF191BDE79D0902DCA9B3FF79DDD15D019A515875669271B6A3B08740058B4B6B68ACF98DE0AB061469D55E0F9F6EDDB376FDEBC76EDDAF9F3E74F9C38B1B9F1F7BEF1375FA86B7D385B759645644159FC9D77DE3978F0A0AC4A5628AB9595CB4B107206F0446FB5E71E754EB416B49C5917E96C5EC7258CADA6243242C027CDFDE3CA9B45378D2B6F01CBD095B0CA3FF941DB29D3FB182028B4B7B70F0D0D99DE0AB061469DD76381E7BB77EF2E2D2DCDCFCF5FBD7AF5DCB973A2BCBB3B7EF0E75BFED59F3EF9A517DF7AE4E2CC89F4C62C15A49A5496451ADFFF4128143A74E890AC4456252B94D5CACAE52508390378A2ABB37BD4399E93E130E875BD016116D8BA89CEA56FE8AAE7FACD25E597AF1DBD685C760B5E8E8ECEC82D81BCBBD357F83D02200AEA1C408CA9F3BD7BF75447759148646E6E4E64F7FCF9F3FDFDFD873FEAAA7BEB913FDBFCE53F7CFCBEFFB9FDDF3CFBD3FF7EE058ED99890F7F716B448A3C90A73251664905A926950FBCD3F6FEFBEF1F3E7C58169795C8AA6485B25AD5211D21E702227BF585175EC8735CC6CECECEE5E5E5426D12E445C6A873BC826ECCA1DEDE68AAC67C429E5D533152D6A45EC0B264EBF512AFB2ABD7D02E283354AAC683AF1C32AEB9452A4F840655DA86E93D0D100850E700624C9DD7EDF63C3F3F7FEDDAB5919191C1C1C163C78E1D3C78B0A5EBE92DBBFF70E3B67FFD5F7FF86BFFE5AF7EE53FFFE52F4B9107F25426CA2CA970E0C0019166A92C8BC882B2B8AC4456853717897DFBF689ECF4F5F5E5B392E9E9E9A6A626ECD9384A79EDDD2E5B24BB615663FE25AB6919CAFE532D92DD69C49D39D9E51D59CFFE595A595341D9B26E1798BEDC5C5C5361F5335739240050E72062529DD7357B5E5A5ABA79F3E6D4D4D4F8F8F8F0F0F0A953A7C486BBBABA3EFCF0C38E8E0EF1E3F7DE7BEFDD18F2409ECA44992515A49A5496456441595C5622ABC29B8BC1EAEAEA962D5BC4725E7AE9A53C57853D03E4C081D3132A226B5C708B5A1EFE698FBCCD27DF1D34BDBF01CC833A0710C3EABC9EB0E7BB77EFDEBE7D7B6161617676767272726C6CECDCB973A74F9F3E79F2E4F1E3C77B7A7A8E69C8539928B3A4825493CAB2882C288BCB4A547E33DE5C700E1F3EAC0284F5F5F5F937F8157B6E6C6CCC33F703A0AAD8D81C75CA2D1D4385B6D5A97D8F6CDC7739FE74BC65E3C32D53F277C3860DF240AB537BCC6391D8D30D16DB6B6A3738D12B6728EF9DB9266FF337B71E30BDBF01CC833A0710F3EABC9EB067B1A83B77EEDCBA752B1C0E8B075FBF7E7D6262627C7CFCE2C58B23312EC4508F65A2CC920A524D2ACB22B2A02C2E2BC19B8BC4B3CF3EABD4B9A6A6A6A5A525FF15CA3D4F6B6B2BF60CE013358048E13BD6B8FCF6C335FDD653A5CEE9EBA4A8B3BD4E4FED86D80359D5F61E8FCADE653ABC226FF3BEC79B4DEF6F00F3A0CE012410EAAC7008F4C2C2C28D1B37E6E6E6666666A6539089324B2A4835A4B904C84D8BDEEE6BC78E1DB2FFF35F2DF60CE09F2FFEA8459C72646A319B70724AFCD7E291B7C7B570724273953ABFBD3D512BAED13DB5F60533A9731E5167292AA5DBF4FE06300FEA1C4002A4CE0A4BA0575656969797979696C48C2329C844992515A41AD25C0276EEDCE950E7CECECE82AC59ECB9B999F012542FCF3FFFFC7BEFBDE727F55F0DB957E071B67B6A63C6DCBFBDA6FF588D65BA7A6E46B41CAB49B86FDC8FE352AE6CBBB05167D419C002750E20815367851268616D6D6DD50399A5EA20CD25A0BEBEDED1E1586D6D6DA1562EE705393B146A6D00E585FA426DDEBCF9F5D75FFFECB3CFD2D454EA5C486F8E3A718A2B27C4D7E6C456D8B8A736168756361C13E858F45AD3EE8DFB5AF28D3AAB775AB28F0020B0A0CE0124A0EA9C0A6A1510E41A5F8CD562CF50B5E877A44F3DF5D40B2FBC70F2E449D79AC550E798194F8DDBE3D01B6A6AAD840DD1E868F0B84619F3FA784B6D4C829381E4688342A5DA858B3AA3CE008A8E8E8E818101D35B0136CA469D8B646C9015ABABAB5BB76E2DD2CAE5EC20E78822AD1CAA84B9B9B989FC181919E9CE9BE6E6E626DF387ECFD9B66DDBE6CD9B5D7FD5298E3AF76F4F0911DB83C42A19BA7F7B34BAACFE7AD8B0B32961327F3ADB823A0328D429C5F456800DD419B2201C0ED7D5D5156FFD9C237240EE67F29445A1AFAF2F4F5994DB1EFFB2E8532273A0BEBE3ECF6D686D6DCD735708636363FE77BEB5F17BF6EC79FDF5D7459A5B5A5AAE5EBD9AFA5917439D639DD039329B45A66353A2791AC9592AF69C50E174EAAC3AB673909543A3CE000A754A31BD15600375862C28B63AAF57DF69A2A1A1214F59DCBA756BFECEDAD9D999A72C0E0C0CE46FF0A63F0D33C88778E0C081BD7BF7CA974B76639AF6826A98BD6C7AD8C82EF66CD9AD4B02F4B2EA37C3D2650F75B647AC738E3AAB775ACA4F01209854DB35B12C409D210B4AA0CE425757574F4F4F81569618E8D91D9751A4A30BF81B5CBA207060434D4D4D7373F3D8D858C69A0F6C6F17A13C3A3AE35340B5A67B1E24FBCAB02CD9EACF2E11788E656824129AA386EDD2EBB36B871BF9256C7CFEB1A612EC7C8080833A0710D419B2A034EABC5EC836C5A3A15DBDF35EB3E28E9C5EAF3D972F081CD8E09F3F7AEDB038E56B472F1630DE2C7A1DB75B47CC38D137B388B2D4D175D9251F434F718EAF2785789274E672F2D2BCBCCD2F3DB9DFF4FE06300FEA1C405067C88292A9F37AC1ECD98F3A5B4FF5E7F3BDBB8A2BCD0A0E6CF0CF2BDD17C4291F7AF57001D53980E589D0A0BCCD8DCD85FAE909A08C419D0308EA0C59504A7516DADADA868787F35B47549D477B77B905937B953AA78F39ABAA85793F6E7060837F2ECD2E8A537EEE3BBB2766978C0B6EF1CAFD5B0EC8DBFCE0936BA6F737807950E700823A431694589D5757575B5B5BFDE4807AE32FEA3CDFBBCB2DBFD911972E061CD890150FEE3C245AF9172D7DC605B748E58D13E3F206EF7BBCF9F6CA9AE99D0D601ED4398094873A97D8D8C08BD27F1079DB735C9DE7ED81E7D834BB3AFB6F4858505067C88AD357E655E0F9E4A579E39A5BF0321D5E517D6BBCD27DC1F49E060804A87300419D210B8C7C1062CFCDCDCDB9F65C9654674B821359CC449DA12CF9E6EB47442EBFF8A3960A4BDBB8B9B8B6A1B643DEDA03DBDBEFDD33BD97018201EA1C405067C802F1D7A626033D462D2F2FCBEB4E4F4F67BFA86F7526EA0C65C2D2CA9AEAA5EE4B4FEE1FBA1236AEBC0529D3E115E5CDF73DDE7C6976D1F43E06080AA87300419D210B4CA9F37AEEF6EC2F614323565353EA2277B3813A430E8CCF2CDEBFF580EAFCF8E5AE0BC6C537CFB27F6042E569C8DB397DB5F8FDDA00940F0303031D1D1DA6B7026CA0CE900506D5793D477B76893A276725FB7596078E2A096B8EFDCF7BDB3D419D213796EEAC3D14EBE659859F9F080D965DF6F3C8D4E273073F51FD6948919B0113F1668F2F7EF2A9F61B5428B53B9ED47B6BDF37DCEAC453E24198A0DC181A1A6A6F6F37BD15600375862C30ABCEEBB123413640FEFA5EC2A5878DE4C53076C1922B975B60BAD863A1C4419D2167EEDD5BEF387B4DBC59A9A72A2A7C1BF092BACD3B7EFE8999FC66E75DB59BF85A7512B7DB89091E96ECB39184B55A8FB61600EBA87320419D210B8CABF37A2EF61C685067C81331CE0367263636F7948534EBE5F38F357D6BCF9137FBC74DF643A7F7EB1ED5E04CEAEC1A75CED439BC65C8992B01D8419D0308EA0C591004755EAF2C7B469D010C92FC592AEEC771BF7546A2D3479DD3741F9F26B84CB0197C803A0790F250E7C9C9C9C6C6C6FCD6311A729EA4386F654D40D459989E9E962D595E5E36BD21F9823A031823EAC909E94D368B90FF31817606946323907AE53AFBE8A527E59263197709BAC1847205750E20E5A1CE053136ED8CE8824BCC409DD6A20B682735FBF2B1319ED5A2DACF7CC913A4EBCF78657C8A0C8E3AAF578A3DA3CEE0201289F4F4F470B12C01D1537528943883871C67F2E4B93FDB5C67EF97B35F726CB65EF8B7071501EA1C40AA489D93E746EB69FAA8B31E117035EB445062D7AE5D0E23F63E151636BAE0F07AFB1CC7A9BD10AF1C28755EAF087B469DC1627878B8ADADADB6B6B6ABABAB32F291024EEC2CA94EF4D6E93E6DAEB3C7840C49CC89D04CF21C1C7F91D86ABCCFE200EBA87320A92A758EE17192539D93A53FFD691D09E9BFF3CD6B81E74CC3D3E52FB0FEDAA314499DD5A53DCF951496B1B1B1D6D6D6D5D555D31B9223A83388258B2B8B31CB974BBE62A637A7EA50B1E7747DB96BA753CF53AEC23ACDBA5C01ECBF4C6AD9208833A401750E20D5A2CEEA8C673F23FA8E3A3B50A74F971E3EFDFCE6560075CED81E45B3EB506FAA3AE7B109C1FC0E97B53DA3CE558B1CB1F2856A6C6CACABABEBE9E9894422A6B7A80C90F34F5F5F5F81BFECD133A6755AF55067FB193E736844AF11FF85523BF3261E6A7D3A47CFEC857C53502904F3B25BE5548B3A47899E9A463D23CB56D7BEFAF9CE655439DB6073499261E84460C2B333A34286183C334352C224D1AC12A5D57964D505F63B5CBEF65C89EA4C93DC0C4C4E4ECAF7A8B6B656FECA63D39B534E84C3E1CECE4ED975DDDDDD05C9D44A9CF36DFAEC989F7AD6763BA0ED9706873AAB73AF16D8883FDC150AA9D7E72B021E04F6B25BCD549B3ADB13CE1C3312CF74EB8D070B36E929191E991DB193A033A9CD19242E44DA8477CE4672D5AE091B797B7B90BFC341DEB63454A23A17B049AE7EC3EA76A897554FB99148646060A0BEBEBEB1B1510ED7B2CED1378BEC3A51671168D1E87CA2F58E4882CBD1E427A339DEF186E3B8B69DA6AD946ADB6CFB414C4B4170656464A4B5B5D5F456808D2A55E7CC17F3B837BB9D12DDE3039EFE5DF813A2B64E3DEA6CDBAC44ACC42561230F02AEA701DF3C572A529D0BD72437FE3CB55596BDB995C73604268E373636A6DAFF757474CCCDCD99DE9C0A617575B5AFAF4F05EF695509954AD05AE7C37AB9A8B35C789A9B9BF35D8BCFA8B3B2662B4AE092A0E11575F6A7CEB18B7D9E6F247D902D3EBF08CD0483EFA6C1DF420715AACE31F26C929B764D65A1CEAAFD5F5D5D9D9CBE68FF573CE45B2F3BB9B5B5757A7ADAF4B6001418D4398094873A17C687A216DB1B726BDF67EFD53ED99243FFB5385DDE45EAF53B363F1A79EB7553E73C2FE83EA3CE9EEA9C7B7B94B210D3EE18A6B7C22F95A7CE856C92EBB17C6AD4D9E1D6896966D459B5FF135D56EDFF08889686919191868606918CB1B131D3DB02503050E7005245EA6C69B157D439F5B762471C3925EFCD0AF2A65CF7ADC4E294172B40EFF739E43AABCEA7AD5E932A5A9DD7CBCA9E2B4F9DA314A049AE2D013463D459D764B76925626E6EAEA3A343A51020704610CF909B167168C2FC5019A0CE01A48AD4D9420FBFDA83CE71ACEBB45B46B397B53AB52039BAABB7DFE6FC06B28A3AC7B7AA723BA773A55CECB972D539CF26B9B6EA895E17530EFC60A8F3F2F2B26AFF27C803DAFF19677A7ABAADADADAEAE4E4E59E5D8F10E8005EA1C40AA519D2B09D718B6D2E51477494A7CCE42D1D7D7D7D9D999C7F696143966E4C831BD1519A8787576BDB77454DEE4DD4B81AECEF15F7846D5EF47F3F3F3E61336C6C6C6543773B4FF0B20E170583E1D11683971713F03650AEA1C405067C8827209E55A04DF9E2B5E9DF36A92EB50E7E8BF5E6D204F63516771B29E9E1ED5FE8FB866C089442272C32F1F969CBB187706CA0ED43980A0CE900565A7CEEB81B7E7CA55E74234C97544AFB54AC987A5ED6163787858B5FFEBEAEAA2FD5F19A1BA82960FAEA3A3830F0ECA08D43980A0CE9005E5A8CE82B84E60DB6C55A43A17A649AE36EE5AAA05C79728D5902856FBBFB6B6B6C01E4B9091D5D5D58181011168B9A0D0931D9405A87300419D210BCA549DE57AD9DADA1A4CE3A94875B6C8AF496E2639564E5DCCA8F3F2F2B29C7C1A1B1B55FB3F7EEEAF18E4636D686890D3827889E96D014807EA1C40CA439DCBD4D82A8FF2FD20026BCF95ADCEE5CBE4E4A46AFF277FE5B1E9CD81A2303232D214431E98DE16007750E700823A431694F50721F6DCD8D818B45F6951E74011894454FB3F395468FF5725889AC87D75434343901B4540D5120E87E58C647A2BC006EA0C5950EE1FC4F2F2B2DCBE07CA9E51E780303C3CDCD6D6565B5B4BFBBFEA444E0B564F76DC324170409D0308EA0C5950011F44D0EC1975368B5C96C49555FB3FC69F03391EAC9EECE80A1A8200EA1C405067C802918C9E9E1ED35B912F9148A4B1B131209145D4D908ABABABAAFD9F5C93E490A6FD1FE8C8F1A07AB2138DE6D800B3A0CE010475862C08781FC9FE91935153535310EC19752E31B4FF039F2C2F2FF7F5F5A99EEC8270AE80EA04750E20A8336441C5A8F37A60EC19752E0D9148646060A0BEBE5EB5FFE3B778F089FA8142DCA5ADAD2D38895E503DA0CE010475862CA824755E8F8D73212265D6A250E762333636A6DAFF757474C8276E7A73A05C191E1E6E686890FB6DBA828652823A0790F250E7CECECEBEBE3ED35B0195A6CEEBB166F5722D3468CFA8739150EDFFE492D3DCDC4CFB3F2814AA935D7168BA8286D2803A0790F250E7CA33B632A5223F08B3F68C3A1716F5F3BAE8B26AFF673C21072A123969B4B6B6CA315679E743081AA87300419D210B2AF58398989810D932D2992BEA5C28E6E6E63A3A3A54FBBF000E1B099587388D6A724A57D0503C50E700823A431654F00721B2D5DADA5AFAEB1FEA9C27CBCBCBAAFD9F200F68FF07252612897476768A40777777D3931D141CD43980A0CE900595FD4118B167D43967E4F352313FDAFF8171E49ECDEA0A9A342128207249DABA75ABE9AD001BA8336441C57F106A34E652BE22EA9C2DE2253D3D3DAAFD9F1C8DFC500EC1418E46AB2B686EE7A0507099081AA83364413574CC24479A1C6F257B39CE89FE911B1BD5FEAFABAB8BC01E0419398DD4D7D7B7B6B632EC0EE40F9789A0813A431654833AAF97D69E392766C46AFFD7D6D646FB3F28234646461A1B1BE5B4C9710BF9C065226894873ACB25939E59834095A8B3D0D7D7D7D9D9598217E29CE8C5F2F2B2DCC38879A8F67F34C082324575E0D3D0D0400008B262DBB66D9BECC851647AA3204A79A873F5185BC0A9AA0FA2346358A2CEA94C4E4EAAF67FF297DFBBA132989E9E96E3B9AEAE4EEE0349D0CF9BD15068D43E65BE77977352B9F3E69B6FEADEFCEEBBEFB6B6B69ADE2888823A431654DB0751027B469D2D2291886AFFD7D8D848FB3FA848C2E1704747871AAF878E14F3414C7957EFBCFCDDE486CC722E301A8A4E8C2EE034ECD190B3BE4CD12B590BB9BE5CF184FDB3CF3EDBBC79B37A95AD5BB7EEDEBDBBAAAEBF410675862CA8C20FA2D883C0A3CEEB898E4D6A6B6B69FF07D580DC25AA51E2E5AF2313E9FAF5EB7BF6ECC1AA7D30DF1BD2853753D459A9F3BA9B29C7A65913DDE6A7D87486C905A3BEBE5EA9F3FEFDFBC9D6080EA8336441757E10456DA55ACDEA2C962CEAA0DAFFD19801AA0DF163F5334B47478775C7B873E7CEA79E7AAAB1B1915F5D7CE11176169DF50A48DBC3C5E96B2542CD0E3BB62CBCF8EA2C971E391E943A0F0C0C14F195201B5067C882AAFD208A67CF55A8CEE204AAFD9FFAD99AF67F50CDC8D7419448BE0B720379F6EC59A56CDBB76F3F70E080E94D0B2ECA77EDB161DF51E76CEBA81547E3D22E6A5D6C7516E4609097922384BBA9E0803A431654F307D1DADA3A323252F0D556953AD3FE0FC08BE1E1E1AD5BB75A56F6DC73CF1D3F7EDCF4460598A8E68E7AC68C630A6C4B6C8EBA6FE2894A94765FA7873AEB95346B2F813A1F3A7448DE50697A7C029FA0CE9005F5F5F5553B4496DCF18B3D17BC7FD66A50E7482432303020078F6AFF471E27402AD7AF5F77E89FD8331D427B92D0DC1479B5FBAF353B16368ECED1D4D75752874D9D63D2DD5BBA848DF5D8A567F3E6CDFC3A17285067C882BABABA6A6EC5A5DBF3A953A75A5A5AF2FF05ADB2D559F6956AFFD7D1D151B5375D007ED8B97367AAB9D5D4D4F0C571475367D790B3A3726C726FC8756E9C9848A78AB0A6CE71512E61AE330493F250E76A0E76068A2A57E7F5983DCB8D9CFA05EDF9E79FCFBFF38D8A5467D5FE4F8E96E6E666DAFF01F8C1EA4BC1C1D34F3F6D7AD30289CFA8B3B2E658B272A2733A77D98D67777876181D9D6FF5D1813A573981566786D2091AA8B370FCF87175346ED9B2E5A5975ECA736D95A4CEAAFD9FE8B26AFFC7A10200C522EAAFBD22AE21EFA8B3CD932DDF8D4D75869EB51EE99C361C53675B8F75A873D513687566289DA0813A9F3A754A3F26EBEBEBF36C3B5819EA3C3737D7D1D1A1DAFF919D0900C5C6D262AFA8B3B37BE69414E8C46289B0B46D159B6C6D0A6D6D0D37E9D5FDF4DB019547A0D5591F4A67CB962D0CA5631CD4F995575E1141B4D479FBF6ED2D2D2DF9ACB0ACD579797959B5FF13E401EDFF00A0C424D539E1B50E99B5DA02A686875DAC3975A66BAF77568675F1CDF99E07457E594847A0D5795D4BFF6A6E6E265BC338A8B3CAE27DF6D9675F7AE925755F27269D4F227E99AAF3D8D898EA668EF67F10481CBEE3E88DCCD6B342BA9FFC3DD7E08D5239BD2B34806C5066FC0F31D6D6D6565757EFA620136596AA8349979EA0ABB33594CE9B6FBEC9503AC6419D152AA9F7E5975F7EE18517B66CD9F2EEBBEFE6BCAAC0AAF3A953A7DE78E30D4720593E7D35FE99DCCACA1EA08B7E0828CE48A19BF85A751271CBC4040F4BF699D66AAD36D3181D000E2C699653EBD2C2E2A553A7877FDE7DE4EFF676BFBA471579FAE98993E1F91B4B4B4B7272BE73E78ED26804BAC4045D9DD76343E9889D3CFFFCF35CA78D833A3B989898D8B76F9F1C9F39AF41766901B7A750A894EE9A9A9A9FFDEC676ACAF0F0B06AFFD7D5D5C531004147EFB12CDEB1425A75768D3ABB0E20A7611972E64A0069B1A4598CF9F81B2D8DDFF8F6F7FEC96FFCE52FFFEFAE4566BDFAFB7F224A3D333515894444A3C5A111E8525206EA7CE8D0A1A79E7A2A9FC01E148A868606F2592B1EBD29E473CF3DB77FFFFEDADADAB6B6B600B5FFD3A44713A2B8C3C49B0EB93A8BAD954F7AE7B116B759977AA296A47D5060491E175ACF624E8FCD18754EDB04CC33B86C2ED82CCAF4C1D96B3F691FDC50DB21E59736BE16F0F2C0F676D9CEEFB6F6BDD93FBEB4B26664A7050125CDA2BFDDAFEE79E24B5FD115F9997FFF1FEB7EE7F79ABFFDA81479204F75A596CA9D2FEE9A9F9D4B1568D3EFA9C2290375964361CB962DF3F35CA5008A8EA30B11B96B7DE185170237909547BCD02E3A4A9FED3572701ABB09F9CE780573683DF026F457BBE5710694E30365D8B1756F96F1D6CAA35FE1D2755C76E3D6CA0FDA4E7DFEB126E3369C4FF9E69E23E3338B25D961014279F3D4F9D16D5FFD6D25C4DFFFB57FB1E75B8F9C7DE3CDE5B1B1B56BD71C45269ED9BB4F2A580EBDE52BBF75FED8F11B376EC8897A7979F9EEDDBBD873B12903750680D2E0F06685A8F3D0D090E94D4BA2BB702894121774BA6D9E9D47258396568851572D343A80443FACC48131DF1B8AFF4F1C16F1912FD6B3CF75F67E39BB72DB6CBDF06F2F85E6FEF1FB1E6F56F679FF96034F84060F0EFF42CACDC5B5DBCBEB412E6A3B9F3BF8891523FFDC7776FFA47DB07AAC4F79F3C7EF772A0F7EEC57FE8FD6FFF5D7E1A18F538D39B548B5E66F3F2A8BA8F8F49137DF9A9D9D5D5858585A5AC29E8B0DEA0C99D11BFCEA90565561D4D4D4B806D8EAEBEB4D6F9A9D64A0CF251D55756FE0883A6A4B6663BCF1A1C5A2FFB457227D35D0C40E0EF5B9EBC36078E73A7B4CC890C49C388C92B1E5F88BC4569334F4222267DFEFB6F629E9FCDA8B1F0E5D091BB7E19CCBC8D4E243AF1E56EFE5C19D876EDC5A29F2CE338FE5CD4A7FB77DF5B7A78EF6F89166BD4C761FDDF295DF52DA7D78EF9BD3D3D3E170187B2E36A83364407DBD6FDE9CB871637C76E69294951856E7387C39A1D4F848274DA84B42A1728A13A70C80504EA3875579E6AB8A3D6BC35A78AAB3AB22DB3E64EB437739F0B4352773A44B7483A5BCF973DFD9FD72D705E3EE5BA838B44A3B9123A1B22F2CEAC23AFCF36EE5CDAFFEFE9FB8A667F829B260FD837FA4ECF9C89B6F61CF250075867424BCF9D2EB3B7FC32AD727472291C8EDDBB745A0B1673080D5E8CBC57A1CC662A9B336B6819E8CEA41722D8E6616A3F6A17F03A9D164BE46897EB8962E7BA8B3FD66CAEB8ECC1657D607964B1E5AB67AB691EA76F5E6FE16D2D2DC3FAEBC5974D3B8F216B00C5D09ABFC1339868BB4EB8C63E537FFF00B5F16E5ADFB9DDFBB7BE54A6EDEAC8A2CBEE36B5F5779D2678E1CC39E8B0DEA0C9EA8AFF78D1BE3A2CB7B5EF9D5DD2FFF5329F2E0F55DFFFCD2F8C7F2CD548D122ABE496F9547EF82465C9633F56E10D798B832C59F89C88442D12664A37E9B1DBBCA75A0339CC97C5DD77F7370FFB4DC3ADC7057676BBCE7941AD6D027F10150E22B8CBD64F428B3E5C8179AEB3797D4A7FCDAD18BC63FB88297A3A333F2D1CBBB3B7D25C0DFB43C90CBA55C3A55A2C5A6FBFFDDADF3E75D8578B6FF54F7F61DAFFEFE9FBCFCB5AFABD2FCED474FD637B85696956CFAF257D50A2F8E8ECECCCC2C2C2CA80B74055F9D4D813A833BA9DEFCF150DDC767EA2C7BFEF4E2C0DCDCDCE2E26205DB33D1BB80A2B7DA738F176BBF9DC7154A13E96C5EC7258C9DECDA2E583167325F155AA67B940CBF4C786534C75B833A8E17DBAD9495526D9B9D0C5017F1364B7DD00FBE72C8F82755A422B77CBF144BDB28C6DE338BBAB61EDCF1B268EE5FFDE35F77CD6F160F164BF6EAD7F9875FF8B22875EA52B22A59A15478E3C79B2726266667672391C89D3B772AF2EA6C96C2A83361B90AC3C59BCFD4DD5CE80DFFFDF1A83DBF12B5E7DDAFFCB3D1919362CFD6AD6D857D3F89DE0597CC7DEA3A7A39B07E557768954F6CDD44BB24400703325FAB04B966A9A06C59DF1DA52F729A55A7DF33572B2DF0ACC63D51A91AEF7DEF6F530DF85A57B79A9BBEBCFAFB7F921AAE0E7DF7FB2A6DE3933367644D376E44C71D545767D3EFBBA2C8579D09CB551EAEDE2CD22CEA9C6ACF2317FA2BCF9E89DE059D8C51E77805DD9843BDAAB7DFECE459BD80FE83BDFD558A96C99A2D64BE560F074E4FA8DB896CF6E4D4BE476A8FD99E6EDC77597FBAC1627B4DED06277A65D73578979EDA0D35FDD1BF1BF40DC85C1EFE698FBCCD27DF1D34BDBF0B89BABC1EF9BBBD4A7017CF0EAF5CBAA497899F75FAF166559EFDEA6F3B169715AA7EEEDE7EFAB9F1F1F1E9E969B93A13782E3879A93361B9CAC32BDE7CF3EF8F2FDC1ABC756BF066CCA12BDB9E89DE051915F44DF639E61675B606C0D0FAF2B535194B192BC58D581DF79FDF130B0724EB99CCD7AA626373D429B7740C65B11B2FBFFDB0F86B728A9BF85A7594EC2EAF8FB76CDCDEE35159ABE6F7A59DDB90A1BC77E69ABCCDDFDC7AC0F4FE2E24727194AB64DDEFFC9ED86DF3B71FBD75FEBCA33C9B1818C56779EF7B7F6B5BC3B9F37BBEF548B4ABBBFFFB77CE9D3BA7079ECBFDBA1C28725467C272158957BC59CAAD9837ABA2C2CF956ACF44EFA0EC20F3B5AA50119FEC4E503D5A20F991B7C733AAB36BD4D965BA8D986747853B5D25DFF63C1D5E91B729672DD3FBBB90A86C0DD521DDD9E67DE1C1C1F0E040ECEF607860E0E0135BB2F26655267ED629CBC6D7333078F68D3755477583FD27C7C7C7676666229188EA6AC3F4BBAF1C725467C2729587679E46CC9B1712453D56F91B1F0F559A3D13BD83B283CCD7CAE0F9E79F7FEFBDF7E4FC99B1E6177FD422BB62646AD1FF0E3C569310E5B81FC7333494ECC64BC6A8734FEDC32D535E2F91A89C7CE05C6DF6451DD825D8F9F9E3F3E3932BE3A7274EAAF1FF668F1E759427BEF4951CD4B9F9DB8F3AD6A31A0BBEBFB7F9E2E8E8D4D49495B3519A5D510DE4A2CE84E52A0F176F3EFB829EA7714BF366CB9EA379CF675FA8247B267A076547F699AFB6C4D614AC84545B60527C48B4490514357F2A7806AD67A9C8CC571D9502B479F3E6D75F7FFDB3CF3E4B5353FD469A4562A4C8ABB5ABE3FAAB3EA9D807140D428B5B6B1F4A8BF727155D55BA90F3ED54755EEEDF1E7B89E8832CD39DCB489D7D7E7C6B6B6B27DE3A205EFBCCBFFF8FD73B3F8C960F3B553959DF9083374B11E19EFCE083E84A122BDC16CBFA68ADADD37336E4A54BB9432A9BACD599B05CE591EACD431F3F7FE3E6D19BE1A38B91FE68593C2525BC78523DB51E48052952B932EC99E81D9423B964BEFA29F660A152E7F4750A9341EB512A32F355474FB37FEAA9A75E78E18593274FBAD654EAECFFA38CEEF09A78C078BCA536B6CF933B3F7A3BE4C845CEEF93B2256C44A539AECEEE8750DAA2DE69893F88DCF0F3F1A944E7EE57F7A8FE312EBFF38E5EDEFBDEDFE6A6CE521CAB52B9D46FFC78F3D9B36727262648772E3859AB3361B90A23D59B4F9F79666EFE232937C327A265A137FEC0ADA89AB24805D8734EEDD6FD14A277504472C97CF575D0460F48FD57F8875BDEDE9E38E0E2876E413268FD6D525964BE4E4E4E4E78D0D7D7D7ED415B5B5B535393A391EAB66DDB366FDE5C5B5B9BFA2A59AAB3FA2895BF5A01E0B49F54A238E2C71992981347C5B19A44045A56183F2A6A8F45C3D5D9859C6F7BAB73EAEE0A26353535FA66CBA5F0EEDDBB8777ED16AF6DFCC6B73FDDB74F2FCD7FFC3F7256E7E335B5FAAAC4CB953A9F3973667C7C7C7676568D2C582ED7E2E0939D3A1396AB3052BDF9E4A99A5FCC1C94F2D9671FBCF3E6BF95895D3FFBE31BF347666FD88A4C94595241AA4DC7EACB82E56ECF44EF20381435F33573E9A98D1D5AFDDB6BFAB59FF29DEA53980C5ADF5B95C3CFF79148C4CB65474646BC5CB6ABABABC99B34AAD4D8D8E8B5546767A7D7CB0D0F0FCBF6582BD9B367CFEBAFBF2ED2DCD2D272F5EAD5D437A5AE50D97EE22AF69CF868D29D615C15D9F6995A7D6BB8E4316B6B8EAB733C1BC49EC5E1ABA8779AD5276E0AEBE3DBBF7FFF5B6FBD555757D7D1D1110E87F53A0E751ED9BB572F79AAB3BE2A873A5B2D05CBE2425C1664A7CED987E5A267DE94EF55D6B79E252E5512964BF5E653FD5BAE5FEBB83EF5FEB5EBEF2A6F56E5D0070F891F5B459E5AB3A49A549EFC45742959BCACED99E81D040775192E4AE6AB8F92D065ED5C9DDA1359013368FD152F754EA3B322A05E2EDBDADAEAE5B23D3D3D5EC22D14EF133F70E0C0DEBD7BC5BA060606D2DC353DB0BD5DF6C3D1D199EC3ED6E879C3DAE11E6718FB879292B59C3C3C927165EBA890F5ABC0B675D8248E99E86110AF6685BD7D15799B9F7FACA9483BBCB0F8F9F87475AE7FF08F1C5167359A496EC5B12A2B6103752E12D9A9730E6139FDE769AFDF771C5FEFE844C78F3BF6A6090FB7F427BEF6F61B5CEBCBE9F25259F87A3584E552BDF944FF5393D70F4C5C3B201EFCF64FBF6AC971DC9E3BFE40A65FBDDE210F1CB3A4B2CC52CBCA4ACAD79E89DE4170D0FDAFB099AFF143C883E42177796ADCB1484D6DF2D45AD35FE20CDADB6595F99A03353535CDCDCD636363196BFED16B87B36D6E94F838A21747B78463B7138EBB3AC76A5ABAEC506735F4497C0094F80AA3E7BD476AB73F125B7936BD6D9CBC342F6FF34B4FEE2FC1CECF1F3F1F9F5267AB99A02341399F66828E556DF9CA6FFD656C5414D4B94864A7CE3985E5A6F6D5E8779999A2CE56F737F15B584705F9E6277AC97964A3E3ABEEDD0A21BB86BD151F964BF5E6DEE37F7B79A2558AE8AF14871CAB72F083DF97E23AEBCAD5D0956BA1B1CB6FC91A645581B267FF3F7C13BD2B19D3D3D369A27A05C42BAC58583A3B3BD3FCBE9F1B8EE869E1325F7D16D7008423FFBE3019B4FE4B65ABB37F5EE9BE20FBE1A1570FFB3F0BE95746974896FE0179F5A1F1C8DBFB6A524F35B6E32426CAB60A5ABC396EE7FE5B0AAA76471B9B7B4CEFEF82A1D4F9FCB1E37F19EB9C2EDA2D86EA13235172EC9CEE8FFF47BC9B8E58F71AB25AAB733AD4B94864A7CEB987E53CBE8DF24DCBD8F2401BC333FADD4B7CF1A6B4C0F3062D7FCB55912BB94F9C6C49F5E6A3477E7871ACF9D38B6F8AFBAAF2E1BBFFC555915D8B54B616FC74AC5956252B0C8E3D67FBC3B7EF83247D0F5FF18B4DD427CA277A97E687EFC2D2D0D05070D774A534EADCD7D75770E9B7F655C6CCD762A873ECB4EC386726CEA2F69F040B99419BEB715B6D5C9A5D54FDC34ECC2E15F6730F54B97FCB01799B1F7C72CDF4FE2E184A9DC3F337D4902827EB1B1CFD31E73624CAE577DED157A2A2D7F212DD870FD34CB04864A7CE5986E55CEF327D479D1D45C9B7EE1C71FC4843B5A873C608ABF2E69B372F69DEFCF8F9D1D7A55C8C59AF553E687FD08F374BB58B17F72517BCB84FAD2DD59E17171765C3D6D6D64ADC31BB6E6C85FFE13B73217A07B9B0C977E66B6E8DC6FC1FBDD631E6F213CA722133683396326A34566C1EDC794876C55FB4F415E1430F4479E3C4B8FAEDF7F64AE5F446AC3AA7138BDDF1B5AF8BDDEEF9D623E181E8F87F7FAFFDAD89E55AF82FA1EF7E3F368EE0406260C281C66F7C5BA66FFBEA6F1F3F7E9CCEE98A442EEA9CDD7720AAC2FD9EF1B944778F1BF47C29EBD49C689FEBCCAFB29D9493B1E778887AD935932F3B752E53B7C81861956FCECD9B13BA370F9F7B4DCAF9D12629E746F79EBFB8E7C2E8DE0B17A3E583D07FCAE0CDA1FF3472716F74D98B7BE4AF2C18FD7B71AF5AE7475D8F5BF63C3A7252EC391289ACACACF8E9983DE30FFAE9A380FA0FE88E7867897FF8267A07B9E13FF335C74663198A3AA3EAC3A36827D2C499B97019B47E8FDB726934566C4E5F995781E79397E60B7BCA0A42990EAFA8DBA457BA2F98DED305462E7F62B19D2FEE12BBFDFEAFFD8BB9BEFE5BE7CFEB65BCFDFD1F7EE1CB3EBDF9C5FFF0BBB7CED91697157EEF9FFC86CCDAFDFD1F8B3A33244A91288D3ADBFB7A8C177B4B5B2B013466BDD14592C10C9592E1F1FB78ACFD41FC97716D25F6F378D651E732758B8C11D678AAC6AE7F2EDE2C6A3B7C6E97940B175E97327CA1518A7A603DED38F0BB5EDE2CB3F4CA8E05D59A953D37D6FFFAD98F8F4D4D4D85C3E1DBB76FCBBD6FC6C4808C3FE8FBFF01DDFF0FDF44EFA01CC9B6D1989637EF41AC496BB20B05FDA84B4425E4045BA80C5A9FFD2D9457A3B112F0CDD78FC80EF9E28F5A2A2C6DE3E6E29A6A5525F784951724954BF09D3B7766A6A6C49B45705BFFD75FAF5CBAE428133FEBDCF4E5AF66F4E668D07AE863C7B2CDDF7E5449795767E7A953A74646461888BB1894549D339F34E3DE1CEBBACB39D735D3C3D3BFB31DB5C8518C27831610BD5776F9F2CCCE5C52EA7CF4C80F5578F8C2C5BD2ADE2C65E4E2DE782079B469246DE05966C9826A2915755611EBE8DF44E059A56D883A0F0E1CBE72E58A1578CEF7B0CD864DC5EEF22943217A07C525DB4663655A2AAFD1589E2CADACA95396DC4E54CC480BD3E115E5CD727B7F6976D1F43E2E3C4A9D971616DF7EFA3971DCBFFAC7BF7EADAB7BEDDA3547B975FE7C9ABEEA44AC4FD637A42E25AB520D041B1EFDEBE3C78FEB6D0451E7C21298A8B34A098DB5084C744EE7A8EF1575F6A7CEC9DC0F5FA5DCA3CE5EBDB25BEA6C75ACA152933F1D6B562DFC3ECD26DD399AE81C5BE453FB826A9D56571BA2CEA74EFDFCD2A54BF21D5E5C5C2CB13A17B5CBA78C85E81D141B1A8D552DE3338BF76F3DA0EE845FEEBA60FC33CAB3EC1F98503F88C9DB395DA1439259E9CEB39F7DA6BA90DB74FFBFBB75EE7CAA072B81EEDEBEA3F9DB8FBEFCB5AFAB223E7D66EF3EF7CAE7CEAB58F5135FFA4AF7E1C3A74E9DD2B33548742E2CA551E7B7B76FA8DDEE1D75B6E5835AD61B5384747917A9361C53E7681F052D6EEAECBB3BC9DBE5ACCEE923ACA2CE62AED7274776BFF2CF6259C8FFF4F8892795EF5ABD6464D5C986DEBD86DEC986ACD6F2E66347DF1F1E1E36A5CEFE217A07650A8DC6AA96A53B6B0FC5EEF9D5FDB07CBBCB2EFB79646AF1B9839FA85B232972335091F166856AA97FE7CE9D858585F37D2755DAC68EAF7DFDEE952BAE42ECB3C8E2CFFCF6EFAA548DF7F736AB0682E3E3E3D3D3D356B606EA5C40B253E71C92412D2DF68A3A3B426E8E80B1D62B64AC245B56253A78D65F4E45F2AC5ED9ED9B91550A47992683668CB02A758E442297C63FB6ECF944FF5397275AA3BD325F8B76CF3C71ED8057FFCD5EFD3D5FB91A8A2E2B7F639D435BC30A8A377777B79F3E7DFAFCF9F3A61236FC43F44EE7B3CF3E7BF7DD775F7CF1C5D6D6D6D2EC7FC8191A8D553362441D67AF89372BF55445EDB18097D46DDEF1F34F2A5EF0E42A7CF7EEDDA5A5A51B376E9C78EB80EAA8AEEE777EEFD679F7D873C6220BAA2E3B6455ADB575E2CD2ACBD90A39CBCB91AD5158B253E77C924193EAACFD54AD57B07EA74E4DDFCCDCAE2591309A58676A8F60593713ACC86450F9FEACAEAEDEBE7D3B1C0E7F7A71C0B2E793A76AAE5D3F3079FDC0D5EBD121035D15F950C71FA40E25A84A7434C1C48082B22ACB9B3FFA2874F2E4C9E1E161B179BD99A0E9DDE0499547EFE4A391CF6BF7EEDDDBB66D53993FB5314AFF4140B6D068ACCA919D73E0CCC4C6E69EB29066BDC8A5F65B7B8EBCD93F5E253F295881E74824323B3B7BE4CDB7943D6FFAF257A78EF664EBCDB2881A484579F3B163C754AAC6C4C484ACDCCA7226E45C58B253E762248306B0547032A87C7FD6D6D654E0796E6E6E74E4A465CFA7CF3CA30C787AE6E03B6FFE5BA7377FF0904C97220F1CB3A4F22F660E5E9F7A5F8AACC4E1CD67CF9EFDF4D34F272727B3EA9CCE14551EBD7BFAE9A71D6D4CF7ECD9D3DC5CB1C36A5612341A03281754C6F3F2F2F2C2C2C2CCCC8CD8B3CADCF8AB7FFCEB7BBEF58857EAB3A32C9E1D96CAAA5DA02CAE7BB36A1D688D448637179CECD49964D07247DDEF8ABCCA376A7171517476E442BF65CF43677688044BF9ECB30F747BEEFAD91FCFDE387263FEC8F47CB73C90A7BA374B65B5942C9EEACD172F5EBC76ED9AC12151B2A59AA377972F5F7EE9A597B66FDF6EA9B33C9629DDDDDD636363F22196F6A38038F2C5191E1EEEE8E8686F6F4F538D4663006581BA10ABB48D70383C3D3D7DE6C8B14DF7FF3BD581C6F7FEC96F347EE3DB67F6EE5BB97429D59865A2CC920AAAFF6615AE7E7F6FB3EECDB24259AD95AA813A179CECD49964D00A407D69AD5B5EA73D9F7E616EFE2329B3B387943D8B28DF0C9F701465CF5241AAA9FAB2601A6F36381077B610BDEBE9E9D9B163C7962D5B449D77EFDEFDFEFBEF8B3A373737D7D7D7CB94A6A6261138A93331311189444AF3A15421F26591DB95AEAEAE8686869A9A9AB6B6B6818101BDB71C576834065016A4DAF3C5D1D1B79F7E4E1F0F45E478CB577E6BC7D7BEBEE75B8F489107F2D43266156CDEFDFD1F771F3EACBAA2C39B4B4676EABC5EF5C9A095417A7B3E7BF6A59BE1A352C28B27A52C46FAA5C41F2F9E524FA325F6F8C6CDA3526491CAF06605D13BF9D4C4D844A04597272727F55962CC434343A274E2D0B5B5B56275F2A0B3B353C44E6615E5F3A826646FCB6D89ECD2AD5BB7CAED8A3C960B61566BA0D1184059E0B0E79999992B57AE7C72E64C6B6D9D58B2CAC4702D32EB99DFFEDD377EBCB9ABB353350A940BEEC8C8882C2E2BC19B4B40D6EA5CE5C9A015437A7BFEE493976F2EF44A59B835A8CAADC4DF5B89C752C27F7F5CEA48E54AF266457546EFDA630C0F0FAB6E0DC5DB448ED30C22B31ECB251063EEEBEBEBE8E8500306D5D5D589F3757777CB7AB2D5BEEA44BE26B2035B5B5BE53EA4B1B1516E4BF2BF09A1D11840F0D1ED59AE95B3B3B372DD1C1F1F3F77EEDC405F7FD79B6FBDF3F22E5164ABC8D3F7F736AB30B35450D2AC82CDB2A02C2E2BC19B4B40D6EABC5EDDC9A095847F7BB65C597F7CB372BD595185D1BB70383C3434D4D6D6A61C2E8790A75AC9D8D898A8B3ACA7A1A161536C587579AC12A633A61C540991484476B5DCA8C8CD497D7D7D6767E7C8C848FABB1400A83C2C7B96AFBF9C166EDCB8313333A304FAE2E8A868F1D9186734D4149925159434CB22B2A02C2E2BC19B4B402EEA4C3268C590D19EA371E5BF3F7ECB1E758E7AF342AFCCAA606FB6A8DAE8DDE4E4A44AB415B753A1E89C339BC5BF657195305D5757A712A63B3A3A54C274F5F8A2BC53F16379E3E2CA6AAF8A3D932F0E82D51DA483E79E7BCEEC865DBF7EFD85175E90D378FA26AA900FD685383A46F7D29225D05353537231BD72E58A9C27C735E4A94C9459524149B30A36CBE2E57EC12D177251E77592412B083FB167B1643DEAACA2D1D5E0CDB09E888FB6B5B589ED89498B4F3BB29F73404EFD0303032A61BA26863C90A7F2429597302DEF48DE5A6363A3BCCDD6D65679E3F455020EF6EDDBE790E62D5BB6C87DE6E0E0A0D90D7BF9E5976563E4964FFE9ADD92CAE65E0C8740CB65F4E6CD9B62C6B3316662A8C73251664905A9E690662EB8252047755EAFD664D08A242B7BC69BAB99E9E9E99E9E1E658122D3850A9AAA846959737B7BBB4A98AEAFAF5709D372CD2EC78469B5A3E42DA810BB3CCEFF7E032A18F91EA93E6D14DBB66D7BF7DD77E5B031BB55F2055712DFD1D1813A97005DA0EFDEBDAB1C5A11D1B0264A05A98634979EDCD579BD2A93412B159FF65C3D791A901ED5D3B04AD56D6868E8ECEC4C33FC7B0EC881A412A65B5B5B55C2B4F8BA4A9816C90E66C2B46CF3C0C080CA1457E1F9C2EE13A854E4DB24478E95B3B175EBD68F3EFA480E24B35B25E7F0679E7946B6E7A9A79E7AE1851750E7926109B41A844169B40399A80649409A8D90973A2BAA3619B4C2F093F78C37432AD3D3D37D7D7DCDCDCD72C9570909C550DBC9C9499530DDD4D454575727AFA512A6E5A50D264C472211750B219B545F5F2FDB63F54F029011F9A6C83123078FFC9D9A9A5281E743870EC9B12D6751B3DB269B6145C19F7FFE79D4D914F73C30BD5D554D01D4192A868CF68C37431AE4A357CDE09447AA5074910C4056AB12A6E55554C2746D6DAD3C10B71E1A1A2A6A76847A9BF2BAAA0DA54A5C0966201C028B7C3554AB593986AD7BAD7DFBF6BDFAEAAB8D8D8DC61B8FCA066CDEBCD952E75DBB76A1CE0016A833D8486FCF96377777B7E3CD9006D557B10A45CB5F795CECB67172B1179916756E6F6F17F95009D3ADADAD2A613AFF57171D9755C99A55705DDE514A12F66828346A9F32DFBBCB3909AA19959BA1FA3E4FCDE7916358660521B9DFD16C516E115167000BD4199C78D9B318B32AC78EBE7FFAF4E9E1E1E14F3FFD146FCE13B958AABE9FE4714747476A8C76C78E1DD7AF5F37B169054314A1B3B3534456FD302D225B9A1FA3A387EEC8884A9856A3888BF88A58AB84693F813D3D1745969505D3C7B3C59477F5CECB5FD78EC664967381D15074627401CDB0A34FE375535715AFE7F51AF65A101CF4DC8CE0FF46A16E3E1D98DE2880A0803A830BA9F63C3A72F2ECC7C706070E9F3AF57391E6F3E7CF8B0F8946E0CD79A2A23BE267EBB1CB55AA996DD9B265F3E6CDE3E3E326B6AEC088310C0C0C88C8AA4CE5DC865CC907D9BD4343432A61BAB6B6566D8668BD4A9856426F8D0BA3B780F4EDFAF3BD215D9033459D953AC71ED8CD3AFEDCB17CF2A99274AF6D20D41D245C7333CA859A9A1AB5CDA8338005EA0CEEE8F6BCB8B8288A3C353575E5CA954B31E4813C9589320B6FCE19D96FAA61D04B2FBDB41E8B3ACBC5D55147FD54FAF4D34FF7F6F69AD8C662A17A3BD6875C29BD55A88469F16695302D26BD293690789E43C0788584C56733048B53E2C5E9A2CEA873B0499F9B5116C85B1075568F5167000BD4193CD1ED5934221C0E8B2BAB5ED9E5813C55C37EE2CD3973F8F061E543F5F5F5232323CAE11C755E7DF5555567DBB66DFBF7EF37B29D45C51A72C51AFDBB4CBB4056966B175ADF51670F32469D1D6E9D98863A9BA4BC7233D220DF44F94AAAC7A8338005EA0CE950F6BCB6B6B6B2B272FBF66DB19CC518F2409ECA44D5B524DE9C1BCF3EFBAC321EB1C6969616F5C3AEA38E4CB7C468F3E6CDAFBCF24AD9FDE6EB1F35FA77C1875C291D51151EF58C2C5BB26B99ED682819678EDBF0BCAEE019A3CEBA26BB4D839252D6B919A90C0F0F5BDD4BA3CE0016A83364C0B2E7D5D5D5150DAB4B76BC39372E5CB8A02BD18E1D3BAE5EBD5A5B5BEBA8F6F39FFFDCAA2342B977EFDEA6A626231B5C4A1C43AE1464F4EF529088228B12DBEDD51E5EB66647D53966C9D1075A8D447565C1DAC29A1EA3CE81A10272335CE9E9E991AF9E7A8C3A0358A0CE0066D8B973A7439D3B3B3BAD4639166290AAC233CF3CD314A3D8BDBC050D7DF4EFE20DB952183475760D393B2AC726F78652E7DAD539DE6A3016CE0E8DCECFCF93B011142A2637C315BDF505EA0C60813A0398417597A6535B5B9BDAC9865C8F376FDEFCDE7BEF3DFFFCF3AFBDF69AA9AD0D027253913AE48AE98DB2E333EAACACD98A27CF2B2776A91EB7E0E8BFDE649775EB449DCD5361B919AEE84174D419C00275862060EB2F40EF1C57F38DD41653BA8CD8A26FA1909FA05F50D0AF49AE9D6CD4D4D4747575C9E5B9A1A12108C32504017DC815158A0E44303EAABCBDA1B407A0CD932DA38E4D4D1EA38EE8B55629F9901E364C50A9B919AEC80DAAFA5AADAEAECA17CDF4E6000405D4190280FD5AEF6E054E1F70AB65D54904FD1213D2898671747576ED64C36264644434B1241B553658A37F977EC895542C2DF68A3AA776DFEC488156A168AB4560AA05C7976048949253D9B919AE882E5B9D9DCB1B37BD390041017506E3683F4A8FC69FC71340F5889B9E3D1AFF913BAD3A9767D4D9B5930D1D02CF69D0875C29CDE8DF5E24D53971283A8E3F4B7D532537B31C2BA726EA5C2AAA21372395482462B55A469D0174506730CD6828DE102A34AA19AFF3DA9F0CCF254D3BA55EF9479DF5CB952B19DD1A14FAE8DFA6865C81B2A6AA723352D13B75469D017450E7DC70896ADA84CF6BBEE7EFA9B6CE5E9D731CF697F2637059A3FD3AAD4D72BC412DC9530BCA2532A2133F852703CCBDE51A755ED746BEF5A2B5B5756464A4C81BE5817673624F434F7C847A47C53AB68F397DB6414AB337ED494A067C66AC81B5AD215708DB437AAA30372315F9D6C83DA77A8C3A03E8A0CEB9E16AAF9EBF93BAEB844FBD2E6775CE38EA7062E0877947CF5CB67656A1D1E83E08597D0E84127D0F688DA7AC548F328F3A0BA99D6C3810F36B686828F24679E0911263DFB9EA78B7D770FF75406B0E97FC30B521423266C067891A72451FFDBBCC865C8122539DB919AE74C7508F5167001DD4393732459D2D5454548875CA9AA68550EA725A7BA1E89A7B53D5B97C1C3A2DAE3BD3D17B86D58F97EE58DEB9CE9E138288439D5D3BD9706024F0AC7F4ED69D4C12E70792E6F8F6A3CEFE32E073C51AFDBBCC865C81E250E5B919AEC8BDA57C47D463D419400775CE0D3F51E7D1E448075A2FAD5E577DCFA09A16388D4BC3AE5DF166F8C10DA466416A9FB6B6A0B1364BC59E1DC3163BD7E59D1010588776A873FA4E3614C602CFBAF4BAED61EDA874A8B37EECFB50677F19F005411F72A52C47FF863C2037C38BA6A6A6898909F5187506D0419D732343D43931E041B2BA4B17546956B3C9218C29091B4136C11CB165B5B82440C7A7A68C48AC1357665B826CF0F793439D7D36043493F1EC638726EE7712BF12B8C4899DA1E55475F695015F681CA37F0771C815281CE466A447F68C752F813A03E8A0CE46D1945A37419B9F249A60B9246C5408EA1DEA8DC3346DD2071C4E38955BB4DDADC38DF254E78C9D6C28E462565F5F5FEA0E8CADDDEC12D877ED80581DACC958B26DB83BFD76D025D73943067C51DFE8F4F4B463C81542929501B9193ED1CF4BA833800EEA9C3519C622D89431A2AC895FA6A8737C7ED93613F443F2DD3862C65A87B88EE4940CDAE6F509EDEA2DE91BF3CDA694116E3376B2A1E8ECEC14BD2BCE46B910DFAD8E78711C5B26473C4939A9CE51350E85A2C9FEA3F3963AEBDDA6243FED5DDE5D731BE926C51A72451FFDDBD4902B900FE466F8C7E1CAA833800EEA9C375E22EB31DD96BBE133EAECA9CED1E50BF436C018A9EA9CB1930D45241291EB5949354E4FB570BF7D491CA79633EB22ADAD25E49EABAFF7DAED2B03BE94E8A37F9B1D7205B282DC8C6C999898686A6AB29EA2CE003AA8738EA48E16E68C8BF953E7F451E7280E7596E577EDD22DA598EF124A41AA3AFBE9644351E2C0B34B96B27386ADDB6D7B7730EEF7861E2FA0F091016F087DC815B3A37F8317E466E48CEC3739AAADA7A833800EEA9C0BB6CC8234516777728F3AC797AEB4CEE9AA9D5475F6D3C986A2D481E78C51E76433BFE431DAAB323392F2EC674894CC19F0257ACB99D047FF6E6A6A62C89520406E469E747575C9916C3D459D017450E7AC49B6534BDFCD869FA8B3866BE7747A875EDAFA922F8C395700A9EA9CD568DB8E8B5CF150875D6A73BE75EDB935E69F2EC9FA3D61227D2343D4D94F067C91DE663E4C4C4C38865C213DA0C4909B5110DADADAE4E8B59EA2CE003AA833806152D5D967271B8AD5D555B9AAD11571A0B0865CB146FF66C89512D0D4D4446E46417034B7409D0174506700C3A4AAF3BAEF4E3614FE133CA0F4A8D1BF197205CA08B975D78F5247AB41802A077506308CAB3AFBEC644341E0B92C700CB9C2E8DF104CE47CB275EB567D0AEA0CA0833A0318C6559DB3ED3A83C07379A18FFE9D7EC815B923DAB97327BDE041C99083ADBEBE5E9F823A03E8A0CE008671556747E7501921F05CA62C2F2FA70EB9A257902972843CFBECB3E3E3E3A636B2EA71346C7534EAB6F518A30F79E9D2AB92FB1ABC510D666D9D34169DD466CAA833800EEA0C601857759E9C9C6C6C6CCC6A3DC3C3C36D6D6D05DA2830803EE48A0A45CB941D3B7628FF7AFAE9A77B7B83D2255F75E1D29F4C8AF86A3D9BDBFA69F4B2649F5D8B7AF6A45E4452EFDB5167001DD419C030AEEABCBCBC5C535393EDAA1A1A1AE854B802B046FF7EE9A597F4E8E5B66DDBF6EFDF9FEDDAEEDD5BFFE0ECB59FB40F6EA8ED90F24B1B5F0B7879607BBB6CE7775BFBDEEC1F5F5A592BC61ECE0EBD1FD2A806675267D7A8B3F700587A4FA3E9FB3C2F4DE839B5BF4BD41940077506308CAB3AAFA73472F783F8566B6B6B21360A0281CAD6D079EAA9A7C4A77DF6BE72E3D6CA0FDA4E7DFEB126E3369C4FF9E69E23E3338BC5DED5694876C6AF8F13EFF0D88C5167AF2EFDED4B7B0ED35942E41C2267127D0AEA0CA0833A0318C64B9D73EBA196C07325A1B2351A1B1BE5636D6969D9B973675D5D9DD8B39F5F249AFBC7EF7BBC59D9E7FD5B0E3C111A3C38FC0B293717D76E2FAF07B9A8ED7CEEE027568CFC73DFD9FD93F6C17BF74AB0CB5398578361C61EDB86994F8EF7A3059477F5F67AE73A7B8794F56133EDAA6C1977E9068F4D3D87A0CE003AA8338061BCD439DB4E3614049E2B89FAFA7A393C4497455CDADBDBBBBBBB878686C463D20F2E2D8AF9DDD63E259D5F7BF1C3A12B61E3369C7319995A7CE8D5C3EABD3CB8F3D08D5B2B25DBF98AA8CB86E2FA3ADF1B8AFFD787CB74848B7DE63A7BBF9C5DB96DB65EF8B7E7466AA7F2A833800EEA0C60182F75CEB6930D8BACFA8486CA4379F3E7BEB3FBE5AE0BC6DDB75071689576B2A1B6A3C4B1E798002B7FB502C069739D3D266448624E84A66D43D0C7F3AA43A349432F3AAEAD2C5067001DD419C0305EEA9C43271B8AE9E9E9868686FC360ACA95E6FE71E5CDA29BC695B78065E84A58E59FFCA0ED54E9F7AA8A3D27EC359D3ABB2AB24D7B2D3B76C963D6D69CCC912E59FBC028AE670FD41940077506308C973AE7D6C98622B5A10F5403D76F2E29BF7CEDE845E3B25BF0727474466E09E4DD9DBE52A2D485245181B574D9439DF5B466EF067EB6B8B25543A6AAC0B625C989875A9FCED1B07721DF941BAE195FA833800EEA0C60182F755ECFA9930D0581E7EA44A56A3CF8CA21E39A5BA4F2446850A56D9472AF26D2256CFAEC989F1A187653E7584DD72681D6D027F10150E22B8CBD6428A45EBF24BD6DB88E4B8A3A03E8A0CE008649A3CEB975B2A120F05C6D2CADACA9A06C59B70B4C5F6E2EAEA9B0FA99AB250A3CC7C3C1095CF231FC6434C73BDE7088B7ADAB672BA5DA363B19A0DE94BA7C31706D9D8C3A03E8A0CE008649A3CEB975B2A120F05C6D1C383DA122B2BE4D746ADF231BBCA93D96ACB671DFE5F852E32D1B1F6E9992BF52431E68ABB2EA3B1771BCD0F69ADA94D7D22B67280FFFB447DEE693EF0E9ADEDF9589EB2D37EA0CA0833A0318268D3AE7DCC98642969535E4BC3894171B9BA34EB9A563281B758EFBEEB11A25AFFDDB1F797BDCA1C297DF7EB8A6DF5A4AA9B37355F63A29EA6CAFD353BB21F64056B5BDC7A3B27779EFCC35799BBFB9F580E9FD5D99D4D7D7CFCDCD39260E0F0FB7B5B519D91E8000823A0318268D3AE7DCC986221289D4D5D5ADAEAEE6BC062823D40022D974ACE1479DE30F129AABD4F9EDED8970715CA37BB44072740D99D4398FA8F3747845DEE67D8F379BDEDF95C9D6AD5B53CF18434343EDEDED46B6072080A0CE008649A3CEF974B2A1C827E503CA8B2FFEA8459C72646AB190EADC531B33E6FEED35FDC76A527339E225B1B8E5C7F10C0D65DB858D3A4B5129DDA6F777052237DBB5B5B5A9D35167001DD419C03069D4793D8F4E3614049EAB0735E45E36E36C3B43CBA9EA9CD065CD9513E26B73622B6CDC531B8B432B1B8E09746C859A766FDCD79257D419752E1E5E3F73A1CE003AA8338061D2AB733E9D6C28083C57094A9DFD0B68D298C57DE3C6EC9AEB3C35AE2F1555E75A2B6143343A1A3CAE51C6BC3EDE521B93E0642039DAA050A976E1A2CEEA9D9ADEDF1588574E33EA0CA0833A031826BD3AE72FBE9148A4A6A626FD20C0505EB8767790AB3A4763C356CBBF447878E3C3561CDAA5F30D47EF19525339B76EDEDEB9CE8962E54F675B50E722D1D3D3D3D5D5953A1D7506D0419D010CB329AD3AE7D9C906540FB9A9F3F69A0D2E3D6668AD0353329B45A613B16A6D968A3D2754389D3AAB8EED1C64E5D0A87391F0EA93077506D0419D010C935E9DF3EC6403AA073556486ECD0433CD8AC69E2DBB754980566918C968B4873ADB23D639479DD53B35BDBF2B10AFF430D41940077506304C7A75CEBF930DA8121ED8DE2E42797474261B7576C9C6B077A3A1EAE8C3A368731349D28984E6A8617BC4B05D42CBF9246C7CFE3146E8283CAE9D3AAFA3CE0076506700C3A457E7F5BC3BD9802AE18F5E3B2C4EF9DAD18B058C3A1FAB49F8AE23669CE89B5944F9983DE5C3251F434F718EAF2785789274E672F2D2BCBCCD2F3DB9DFF4FEAE40BCCE45A833800EEA0C60988CEA9C7F271B500DBCD27D419CF2A1570FE710C72DA3F2446850DEE6C6E61ED3FBBBD20887C3757575AEB35067001DD419C03019D599DEE5C00F976617C5293FF79DDD13B34BC605B778E5FE2D07E46D7EF0C935D3FBBBD298989870EDB9651D7506B0833A031826A33A97E7756B34141AB54F99EFDDE59C0485E5C19D87442BFFA2A5CFB8E016A9BC71625C8DC27D7B65CDF4CEAE34D29C67CAF31404502C506700C36454E7E9E9E9868686D26C4C011153DED53B2F7F5D7B269659CE054643D189D10534C38E3E8DD74D5D55BC9ED76BD86B5503A7AFCCABC0F3C94BF3C635B7E0653ABCA2FAD678A5FB82E93D5D8174C7709D853A03E8A0CE0086C9A8CEABABAB5BB76E2DCDC61494F9DE902EC899A2CE4A9D630FEC661D7FEE583EF95449BAD7365459A8FB9BAF1F11B9FCE28F5A2A2C6DE3E6E2DA86DA0E796B0F6C6FBF77CFF45EAE44448E45915D67A1CE003AA833806132AAF3BA77A75165804748587C3643B038255E9C2EEA8C3A27585A5953BDD47DE9C9FD4357C2C695B720653ABCA2BCF9BEC79B2FCD2E9ADEC795495353D3C4C484EBACBEBEBECECECED26E0E4070419D010CE3479D5B5B5B4746464AB031854259AE5D687D479D3DC8187576B875625A75A9B3303EB378FFD603AAF3E397BB2E1817DF3CCBFE810995A7216FE7F4D5744708E4435D5D5D381C769D95269703A00A419D010CE3479DBBBABA7A7ACAAD37AEA80A8F7A46962DD9B5CC7634948C33C76D785E57F08C51675D93DDA655114B77D61E8A75F3ACC2CF4F8406CB2EFB79646AF1B9839FA8FE34A4C8CD00F1E6A292E644843A03E8A0CE0086F1A3CEC3C3C36D6D6D25D898429288228B12DBEDD51E5EB66647D53966C9D1075A8D447565C1DAC29A1EA3CE29DCBBB7DE71F69A78B3524F5554F836E025759B77FCFC13F29B8BCADCDC5C7D7DBDD75CD41940077506308C1F752ECB4E363475760D393B2AC726F78652E7DAD539DE6A3016CE0E8DCECFCF93B0910E31CE0367263636F7948534EBE5F38F357D6BCF9137FBC7E987AE048C8D8D3537377BCD459D0174506700C3F851E7B2EC64C367D45959B3154F9E574EEC523D6EC1D17FBDC92EEBD6893A03E4CBC0C040474787D75CD41940077506308C1F755E2FC74E36A2CADB2BDA1CF28E3ADB3CD932EAD8D4A4193BA2D75AA5E4437AD800C883F4AD295067001DD419C0303ED5B9EC3AD9B0B4D82BEA9CDA7DB323055A85A2AD1681A9161C5F82215100F2A3ADAD6D7878D86B2EEA0CA0833A0318C6A73A9765271B3192EA9CF060478CD852DF54C9CD2CC7CAA9893A03E4416363E3E4E4A4D75CD41940077506308C4F752ECB4E3600A01CA8ADAD8D44225E735167001DD419C0303ED5B92C3BD90080C093B11532EA0CA0833A0318C6A73A9765271B001078D277EABC8E3A03D8419D010CE3539DD7CBB1930D00083C232323ADADAD692AA0CE003AA8338061FCAB73D975B20100C1A7AFAFAFB3B3334D05D41940077506308C7F752EDF4E360020B088378B3DA7A9803A03E8A0CE0086F1AFCE74B201000527E3CF59DCB403E8A0CE0086F1AFCE74B201000547CE2A726E4953A1BDBD7D6868A864DB031070506700C3F857673AD9008082535353B3BCBC9CA602EA0CA0833A0318C6BF3AAFD3C906001414916651E7F4755067001DD419C03059A9339D6C004001F19306863A03E8A0CE0086C94A9D69AF0300052463A7CEEBA833801DD419C03059A9339D6C004001915B71B9214F5F077506D0419D010C93953AD3C9060014908E8E8E818181F4755067001DD419C03059A9B3B075EBD6D5D5D5226D0C005415CDCDCD636363E9EBA0CE003AA8338061B255E78C9DB0421932DFBB2B346A7BBAAB775E7FBAC922140A6D72A257765D8337A3A14DF2CAF27793BE01502DF8E9B4077506D0419D010C93AD3AB7B5B50D0F0F176963C00C0E7376155FAB8E92DDE4040F4B4E54F3FBD2CE6D80AAC0CFAF58A833800EEA0C60986CD5D94FB31E28334643F608722675768D3ABB4CB7611972E64A501D442291DADADA8CD55067001DD419C030D9AAB39FCEA4A0BC180D254439EEC771BF7546A2D3479D936B71C133B84CB0B98A999C9C6C6C6CCC580D7506D0419D010C93AD3ACFCDCDD5D7D7176963C000514F4E486F5C7F950DC704DA1950DED5DBEB9DEBEC1D52B6F43845952DE3F699E1019583CFCE2E5167001DD419C030D9AAF33A9D6C541651970DC5F575BE3714FF9F48D888CAB0235CEC33D7D9FBE5ECCA6DB3F5C2BF3D08303EB3BF5067001DD419C03039A8339D6C5412310156FE6A0580D3E63A7B4CC890C49C084D2763CBF11789AD2669E85045F8E9D4791D7506B0833A0318260775A6938DCA43C59E13F69A4E9D5D15D9A6BD961DBBE4316B6B4EE648D33EB04A696A6A9A9898285435802A017506304C0EEA4C271B154854602D5DF650673DADD9BB819F2DAE6CD590A92AB06D4972E2A1D6A77334EC5DC83705C1A6AEAE2E1C0E67AC863A03E8A0CE0086C9419DE964A3C248A44BD8F4D9313F3530ECA6CEB19AAE4D02ADA14FE203A0C457187BC95048BD3EBD6D54193E4F3EA833800EEA0C60981CD4994E362A89783838814B3E869F8CE678C71B0EF1B675F56CA554DB662703D49B5297870A261C0ED7D5D5F9A9893A03E8A0CE0086C9419DD7E9640300F2436C589CD84F4DD41940077506304C6EEA4C271B00900F434343EDEDED7E6AA2CE003AA83380617253673AD900807CE88EE1A726EA0CA0833A0318263775A6930D00C807FFBD35A3CE003AA83380617253673AD900807C686C6C9C9C9CF453137506D0419D010C939B3AD3C90600E4436D6D6D2412F153137506D0419D010C939B3AAFD3C90600E48A9C3AE404E2B332EA0CA0833A0318266775A6930D00C88DAC7EB6429D0174506700C3E4ACCE74B20100B9313636D6DCDCECB332EA0CA0833A0318266775A6930D00C88D8181818E8E0E9F955167001DD419C03039AB339D6C00406EC85DB7DC7BFBAC8C3A03E8A0CE0086C9599DE96403007223AB742F39CFC8D9A6A8DB035046A0CE0086C9599D859A9A9A2648D0DADADA0D1A13A0B1BCBC5CC0AF6DB9E3BF5367A1AEAE2E1C0E17757B00CA08D419C030F9A8B35CCF4C0B4980181919312DABC1C2F4BD4CB090FBCC4D9040F686FF7B09D4194007750630CCA63CD41900A0D8A0CE003AA83380615067000832A833800EEA0C6018D41900820CEA0CA0833A03180675068020833A03E8A0CE0086419D0120C8A0CE003AA83380615067000832A833800EEA0C6018D41900820CEA0CA0833A03180675068020833A03E8A0CE0086419D0120C8A0CE003AA83380615067000832A833800EEA0C6018D41900820CEA0CA0833A0318A6A6A6A6097CD0DEDEDE0D3E181A1A9A001FA0833E419D0174506700C3C835C9B44294076284A6A5B43C907B0CD3B739E58118E126F081DCDE2F2F2F9B3E53020405D41900000000C017A83300000000802F506700000000005FA0CE0000000000BE409D01000000007C813A0300000000F802750600000000F005EA0C00000000E00BD41900000000C017A83300000000802F506700801230DFBBCB7BA4E35DBDF356C5D190ED6972EAA6D0A8FA9F8E689D94255DD607000039813A0300949CD150AACEA6C875683429CA4E25B6AFC0B93ADF9E0E0000D9813A0300149D4CC16225B462BC71459647D109B2586A1839BEC20CEAECB15C7CC50000901BA833004049D0FDD6EBB1325BCB7C5167008080813A03009404EFC8734C665D922C4221FB22BB42A1348918E9D7E5A801000039813A030094043F5167C7F344D43935353AD7A8330000E405EA0C00501232449D3D9A09BAABB323EF22D5BEA3CB79BC20520D00903BA8330040C971EB6123E6CE31E38D26664405D712E494EA8E2468C77CAB91A16B371EA8330040EEA0CE000025206DFA71D4831D9E1CFDDB9B70DF5435B6C78E1DF3E3628D3A0300141CD41900A0E4B8469D1DF3B4A40C47271C292DFD9C99CF89340F123600000A0CEA0C005074D2869CAD7CE744643A21BE96E45A6AECE6CDEB0E751EF58855AFC757803A0300E40EEA0C00000000E00BD41900000000C017A83300000000802F506700000000005FA0CE0000000000BE409D01000000007C813A0300000000F802750600000000F005EA0C00000000E00BD41900000000C017A83300000000802F506700000000005FA0CE0000000000BE409D01000000007C813A0300000000F802750600000000F005EA0C00000000E00BD41900000000C017A83300000000802F506700000000005FA0CE0000000000BE409D01000000007C813A0300000000F802750600000000F005EA0C00000000E00BD41900000000C017A83300000000802F506700000000005FA0CE0000000000BE409D01000000007C813A0300000000F802750600000000F005EA0C00000000E00BD41900000000C017A83300000000802F506700000000005FA0CE0000000000BE409D01000000007C813A0300000000F802750600000000F005EA0C00000000E00BD41900000000C017A83300000000802F506700000000005FA0CE0000000000BE409D01000000007C813A0300000000F802750600000000F005EA0C00000000E00BD41900000000C017A83300000000802F506700000000005FA0CE0000000000BE409D01000000007C813A0300000000F802750600000000F005EA0C00000000E00BD41900000000C017A83300000000802F506700000000005FA0CE0000000000BE409D01000000007C813A0300000000F802750600000000F005EA0C00000000E00BD41900000000C017A83300000000802F506700000000005FA0CE00F0FFB75B07020000000082FCAD5718A02802001675060080459D0100605167000058D41900001675060080459D0100605167000058D41900001675060080459D0100605167000058D41900001675060080459D0100605167000058D41900001675060080459D0100605167000058D41900001675060080459D0100605167000058D41900001675060080459D0100605167000058D41900001675060080459D0100605167000058D41900001675060080459D0100605167000058D41900001675060080459D0100605167000058D41900001675060080459D0100605167000058D41900001675060080459D0100605167000058D41900001675060080459D0100605167000058D41900001675060080459D0100605167000058D41900001675060080459D0100605167000058D41900001675060080459D0100605167000058D41900001675060080459D0100605167000058D41900001675060080459D0100605167000058D41900001675060080459D0100605167000058D41900001675060080459D0100605167000058D41900001675060080459D0100605167000058D41900001675060080459D0100605167000058D41900001675060080459D0100605167000058D41900001675060080459D0100605167000058D41900001675060080459D0100605167000058D41900001675060080459D0100605167000058029879F23ED34AFBD50000000049454E44AE426082',1,'itil-request.png');
INSERT INTO `jbpm4_lob` VALUES (9,0,X'89504E470D0A1A0A0000000D49484452000003BE0000026508020000007292B90E000050AE49444154789CEDDD7D701BE77DE8FB33D33FF35F3A99E9753B6D6EEEA439716F4EDD397332CE999E33EA9C9CF1C9CC6D5D3749DDA6B7274EDD5ABAADD3C46994B8491C53921D318E6CD3966CCA8AF51653AF364D5AA26349964CF14512DF248AA2C4179114294A34458A244CF04D1419F3FE800758EE6217C00310E0EE62BF9FD93020B0BB00410BF8E2E183C57F5802000000A0E13FB87D03000000007F209D010000002DA433000000A0857406000000B490CE0000008016D219000000D0423A030000005A4867000000400BE90C00000068219DE13F1F47FDC6469DEFF6AD739FDC07EFB60DFEB4B265CD962A597E6BDD0EEF2CF76FAE949BF49D83E7F635F4CECC2FBA7D5701009019D2193EA3A27962A27F7CBC7774A44F96F9A8858585C5C54515D06EDF46D78C4FCFFFF0ADA64F3EB1C7F544D65CBEB9FB74EF48D8EDBBCD5B786508005E463AC34FE2DDDCB7EBD5CF1BCBCD1B9D535353B3B3B312D041AEE7B286DE7BD697A924BD6F53F953152DC7DB3F946522BC383BB7E49145DDA45F1CBF640C877FE2DB3B7F5AD912C8DF98035E190280C791CEF00D5515921492CBBB5FF9BD9D5BFF401639B1ABF4737DBD1743A19004F4DCDC9C4446D00A437ED6EF1C3CA74AF48197DE6B1D08B99EC83A4BE750F8E1D74EA99BFDE0AB27C6A7E7DDBE235DC62B4300F03ED219FE60EFE6B68B2F5EBC5062D4F3D5EEE6DBB76F87C3E100D6B3EAE64F7C7BE7D6931DAE077116E3D06A86C99A2D5581F98D39E0952100F802E90C1FB0578544F3C4647DE8A333917A7E2552183B5FF9C3AECE46A9E7C9C9C94015465943AFEA666950D73B38BBA57520A4A69AFCF0AD26B7EF4E77F0CA1000FC827486D73976B344B3A4B3BD9E3B3B1A0255CF3727665474EEA8E976BD8057B2D4748D48FDCB0F727E60CCED3B75B5F1CA10007CC44FE96CBCEB7C717171210935179027958291AC2A263E3A3339DD323DDD32116DE8C0D6B39AAAF1E02B275C6FDF952F4F55B4A8691B6EDFA9AB8A578600E02FFE4867F5EC224F15F3F3F3F29C313333333D3D3D652367CA45B2827A433ACF2B7E97AC2A64998E76B35A546404B03066E617D548AD5FDE17987A99082FAA11F40BD78332F0CC2B4300F01DAFA7B311CD77EEDC91323E7A6EDBB3BBFFF6FFFBD97FFEDB277FFFAFBEF7A9BFFCEE6FCB2227E45B39532E3A7276DBF8F8B83CAFC8CAB2094F2DFE9574342EDACD93F1459D56A3746D175F0C5461949FEF57C3B4AE576FAE96C7DEA8939FE8E9775ADCBE6B5703AF0C01C08FBC9BCEE6680E4F4D6E7BEBF17FDAF89FFE7AFD3DFFBCF9BF3CF7C6FF2EAFDD72A1FFBD0FA73B659113F2AD9C2917C90AB29AAC7C6B6438140A11D03EE5F8AE29F368DCB4A99B8D7A962550F5BCAE2C129A9BAA5A5D4FDE5C2D472E0CCA4FF427CF94BB7DD7E61DAF0C01C0A73C9ACEEA79E5EEDDBBB3B3B365C78B1EDBF4C7DF7AFADE970EADED1E391B5A1C4CB1C80AB29AAC2C9BBC71BC687474549E5D6427B22B9E5DFCC25E15AD175F189FA89908D584A71A224BB8499650B8517D6B9C9015649195035218EA5345FC7B600DFB321C9A979FE89EF5656EDFB5F9C52B4300F02F2FA6B37A5E999F9F9F99997966D75F7FE3DF3F5D72F0B1D4C56C5F6413D950361F1A1A9A9898905DC90E7976F13E7B555C682DBE3DF6812C13A1B391450A2374B6ADB5B8A1EE7B6AB9DAB5237651E8AC5A53360942617CE6470724343B87C2AE276F0E17357BDBEDBB368F78650800BEE6B97436BA7978ACFF072FFFCFC77F7E7F5DC7A14CBB592DB2A16C2E3BB9DADF3E3636363535453D7B9CBD2A1A9B8A3F1C392ECBE8F86963E9EE7A4D2E359637767CCE7CE9F0AD13B2BE6C58F085A13E87CF539FB34D3AA7C62B4300F03B6FA5B3D1CD92B992BC4F6E7D6064EE6A76DDAC16D95C7622BBBA7EFDBA3CC150CF5E66AF8AA6864D3707AB6E0E1D1D1E393E1C0D68F5B5A3E365733ACBA2563096A10F235BC9E6855D182A9D330AD3DAE2358F1D184A3CBF6ECB9A9436D725EC6768FF5AFB99D1E5DA9B8F1537C889DE03EB6257243B8F9EA3B9A81FCAEDBB362F7865080005C05BE9ACE637CFCCCC6CDAF9F5C77F7EFF0ABBD9A867D995EC50EA796C6C4C76AEE63DBBFDB3C2C25E15E71A9EBE71B3BC7FB05C3AF8FACDC82227D472A9FD858474562B18CBE08747D5B6B293022E0C9D7496844D9DC50E5D5BB725FBBC269D93E095210014060FA5B33CD6CB83FEECECECDE633FF9C6BF7F3AEB791A8E333764877BDEFBC9E0E0E0C4C4845C855C114F2DDE61AF8AFA333FBED67F30B25CAF900296AF0383CB4B5B6B71425B0C5CAFB8665A6120BA7ECFB543B207D955A1164686A3CE43FBD76EA98D9C68D8BCF6CD5EEDC2360AD8A1A74D9B4B3AD7161B1B6DD96F4F67BD862EC874E6952100140C0FA5B33CD6DFB97327F4D1F83F6DFA63DDF7052E64F0AE41D96D47E7E5A1A1217976912B62E0D923EC555173FAC9EE9EB2ABDDFBA47D8DA5F7DA9BB2A8D3176CE96C5EC7582DB2F4BC21BB921DFAA8305E78E18523478EC8CD4BBBA6763AAB68B6A6B33564970789AD956C39DFDACACE256D1A758E95F7DA75912B92ABB3F57A40D2995786005048BC92CE6AC8797A7ABAE4F0DA6F3DFDF9B1F9BEB1F96BB7EFF6C932265FE7AF45BE9D8F9C889CBEAB16B9E85AF49CC8CAB2C96DF9F6AE5A21B261E4FCBBF133EF5E93DDCACE7B7B7B474747E58A1878F602551513137DA66E5E7FA56B8F2C92BCC6527BFA9F4F1EFBD6A9138FA8AFBFAE7C28A12DE44C639175A4275434CBA2F666AFE770382C85A13EB9DDEDBBC1A2286AE3C68DBB76EDBA75EB568A35F5D2D998976C1B7536E56CFA51E794733696E73D3B4ED8709C16E2FF74D67991C32B430028305E49E7D8907328F48F1BFEEFE70F3C3A3CDBF9A169916F8767A25FD5B733D1F3D539335DC3B35DC3F1D596D79F8DAD637C2BBB959DB7B7B7DFB87143AEC85303CF63F5A545155D19AC9C66EDE4FB934BA217C8FF97D6473FEEB8AB22FD55CB3ACAF29AC65909B47F8C28795E9F98E83777F3E58E5FB65FDEA17A57968EEEBDF235A124D22EE5FBFFBB790FB243593E38B9DE288CAECE46E36DA352CF99DCE4BC33DF9B1B366C78F1C5171B1B1B1DD7D449E7DAE275FBAF255F213EC06C1E454E763AD968B49AADB19CCEC9266C145C3AA77D91C32B4300283C9E486763C8F970F5735F5F7F4FCBC0AF07265BA3CB45F97A5D9D0E474EA8D3D7C3ADB115C217D53A0391732E5E8F2CCB2B1B2B5C8F6ED2D2FFAEECFCC0A9CD3D3D3DDE1A788EB67032B1C0B5AC5C516F4FE364299B90B41AE9ECBCA7C424762C6E9D0CB7880DC8957E4EAA42D2B6FD72A92C1D1DBB64918696459DC8229DD586C67ED49E553DBFBEEDB36D176B878686E415949AF8BE67CF9ED4F79EEB8A8B8BEDF79EE6840DD314E424C3C9391A758E5D517EDE26585959B9478FAC59ADA7B5B5B55F8FFCA762BF49E65F90E38B1C5E190240E1F1443AAB03D24D4E4E16FDF2A1B5CFFE49F7D8D9EEF17357D53276562DDD63725A9D73AE3BB244CF1C8F9E8EAE19FD7A367A7EF45BE352F5AD5C347E5676FEF42F1FBA7CF9F2CD9B37E5EAD481EADCFEE923A59AD8C7C944BA79B9782D5B7555A4D8890A66531347E23B319D93C47092DDE666D459EEFFD1913E95CE35A79F5411A07A4265815A56D216E6BC50837392CE2DCDA70606068CBCC8E426E79D71571E3E7CF8D0A1432525255555558EE996C9DB0487F6AF350D3F47C686D5E48DE5E167F3E40D6314399B51E7A4E9ECF0F644FD74967B403373258835D3593FC7E5B790C58B1C8FBC32CCE37FAC00103C5E49E7B9B9B9F1F1C81B04A59EDB6F7DD03E1C5D6E7D7029BE44CF3C25675E1AFE20B6C2AD53EDEA7C756238BA5A7485C826F113EDCB9B7F20DD2C5771FEFC79797E95AB932B753D9D55AF26E9506BB5264ED43075B4CDF2A0B2FD82F8A873EC3A4A4B63B720BA41BAC1EB4CDB380D239D8DB74FA9D8EDE97943FD495A7DCDA22D8CBF681B7FD436DE50256DD1D4F47E5F5FDFC8C848381CF6603A979797EFDDBB5772ADB9B939C554DACC8FB011191E8E0C303B266C645079DDFE3A5B555B56C870AEB3D4B67A9BA0BA6805E9EC41695FE4F0CA10000A8F27D2797171716666461EE81FFEE1EF6D3FFABD961BBF6EB9F16EF46B6439AF4E0C1A67CAD777CF47CF392FA7D5F9836A1D63ABF839A6336565D9B95C456363636F6FAF5C9D5CA937FE9A6984AEB9782DF56BCE66F3059621EBE4D9BB9CBB8E13361C8338727E455764D4B9CB3EB93AC51C13DD11F428F507879B373A77BEF287D1BF35FFC199B34FABDE55EF8B525F6B4FFFF307271E3516FB6450F3A5B29C6B783AE1AD54B25BA39B6B6B8EB6B7B77B369D8B8B8BCBCAE435434FDA35334B674BF83AC7F1F2B40DC72916198E3A47F6633E9447C11D9C2EED8B1C5E190240E1F1443AAB89CEF240FFD0139F7ABBE185B3D7DE3EDB5F71F65AC5B9FEE525724EFFDBE7FADF5627CEC6CE7C5B568EAEA02E52DFAA25B69AB1A69C293B97AB3873E64C7777B75C9D9AEEECEECF9E6A9A733C45EB2B12479B13A66AC42E364DAE4868704B3A474BD961C286E9E2E59836F6B9DCE5910B2CFB344B396FC4CEF8F0C8BEDE8B463D37346EBCD67F3072ECADE8A1B8FA07CB8DC372A9D38E47EF52971A47FBBA163D86973A0498ECD0A88AEAEACAF3E7CF5FB972A50086E5F4DE26B8C6A9861B36AF593EDF5827E9B4665BF23A1E9C4EE5B23A5FF619EFE9E5EB72FE0042DFA673DA1739BC320480C2E395749682191E1EFECBEFFEF6C98EBDB5BD8764A98B7E8D9DE851DF1E8E7E7BB8AEE7B0F552393F728E3AB3AEC7D8FC70ECDBC8FA91154E5DD92B57515757D7D9D929572757EA7A3A472CC7AB790273D23A4D3A1923DDA873EC72DD236C24BD9E841B67B9A199A7B3FA1C9C502874B5BBD9288CC6A6E2C19BE5376E969B3F09427D60849C68BFE8F09911EAD2C10F8F1AA7D5C746181F592C55F1C107158D8D8D1216923B053019348B0FE2F6FEE2A3744E8B57860050783C97CEEF5FDE75FAEA81D357F7C79703966F7B22DFD65CDD5FD3B35F9D38DDB33FF2AD3A33B67EFCD29EFDE6FDC83A272EEF96ABA8ADADF5543ADB6666A810CD269DB5469D93A6B36C5F51A1310A3E66DDA7A5BD334CE78F3FFE78717151E5853CD37775361A8571A1B55815B0F923883F1C397E6BE47DFB27157F68FDA462F9F6E6D05159642709DDDCD6D676F5EAD51B376E14C02108EE595F2695D9391476BD7773B8A81FCAEDBB36377865080085C75BE9FCD0139F3A7CA63892BC3D07621DDCA382586A5835F48178341F5097AAD3B16E8EB7724DBCAA63EBC4B6DD7FA8BE58AE42D2B9A3A3C353E99CA254EDF99CF5A8736C63733A4BE9969A5A3DBE5FDB71A113AFD394CEE6B1EC6CD259F242E2756E6E2E1C0E4BCE7676341885D17AE1F90FA31D3C3E767A747C79E9EE7A2DA12DCC97CACA6A2BD9DCDECDDDDDDD8383838571E0DBFB37574A65D6748DB8DEBB395CE427FAE4137BDCBE6B73835786005078BC95CE0FFFE0F7B656FC8B9A6B51D76B4CC3884DB750B3356A7B97676B182BD42EAFA656309643A6138764E772155E4BE724F23EEA1C1B42763838DD5857D79835C4931EAE23713648E607E050F52CBF0809D9C9C9C9847A6EBBF8E2EDB10F6499089D3596AB5D3BCC61F1C68ECF992F55EBCB8629BAB9303E6EED6F769C92D0DC51D3ED7AEFE66A69EC1B939FE8DEA70FBB7DD7E606AF0C01A0F0782B9DFF71E3177EBCFDFF31BF3BF0DC80E5CD82CEE7A43EDFB4C8CEE52ABC3661238191AC191F782EDD3AAA74D5F9A659169637005A82D9E9ED8372DEF281ED1C6E46740719F6739A7A6E7B792254234B28DC284B78AA4196B6D6E286BAEFA9A5A7E78DC899E126F93A3E51238B6C52F0DD2C5EA9EE90D07CF8B553AE276FAE96A72A5AE4275A5756E7F65D9B33BC32048002E3AD747E6AFB9FFFD3A6FF641C964E1D99EEBC717C3AE3F4CDE5F3CF27AEF6DEF9C8F2EBC425BA89EC5CAEC2736F1344BAC2B87469EBC464BD2C93D32D6A998E7F9D8E9F9625F4D1195947560E4855F48D8625343FF1ED9DFDA333AE576F4E96FB3695CB4FF4EEA541B7EFDA5CE29521001412AFA4B33A38DD1B278ABEFEFDFFA3A6EB40FBADEAF8C79DC496CBA6AFF14BAB2F1B2B0C572F6F12FF3895F827A754AB736A3B0FC8CEF7BCF7534F1D9C0E06FD7A365AD97C7A2260DDAC3CF8EA0969CD7F3D70CEF5EA5DF9F2ABB3BDF2B3DCB3BE6C76BED0A6E7F2CA10000A8627D2D9F84894DEDEDE7F28FAA3E237FEDFD8676EC73E8B3BB62C7F3AF7B8F552DBB7B18FE6365D24E7C86E65E7EFBDF79EF73E120531690B23520F1F9D99B6B645A49B27EBE5A2DC5645E2479D1BE7A6649BAB627BCBA5F912DD030526757E604C0D3C37F68DB9DEBE2B598643F3EAD81AAF547764740FF805AF0C01A03078229D8D0FE2EEEFEFDFB2FF5B8FFCF43F0E842F5E9F6CBD1EBE38205F275B07262F464E4796F8B7D14B6367CA3961B544CE896D18397151ED21BA938BB25BD9F9C993273DF541DC48A0531852C9E6B650CDB1F2AA487DA813E7F7403A1E514433AF7391CEE29BBB4E4B717EE64707FC3B6D6322BCB8664B95FC14F76FAECC2AF956F8FA24F1ACA46FD18DAF9ED161640C9E7A650800C88E57D2797E7E5E1EFA6FDEBCD9DEDEF68F1BBF208DFBE16CE7F06CA7F1F5C3D8E9AED8B7335DEAA2E1D80A5DF1D35DCBEBA8336722E7CB0E65B747AB8ED4D6D65EBE7C59AE48AE4EAE9474F6A08CEA3957DD6C65B4934325A5FF10F29469A5766DAA6BA74F76CCA4A167E617D551EAEE7DFA70EB40C8F50ECE62BC5975F33DEBCBFA46C39A3F750E5F9FD8DF539B90CEE9AE2A83F7C5BAF8CA100090139E486779AC57D39D4747477B7A7A7E7974FD37FEFDD335EDFB6FCFF78DDDBD767BFEDA982C77FB225FE7FB6EDF55A7FB225FEFF6C52E9DBF763BBA666413B57264B9165DFA6A2EEF971DEE38B2FEF8F1E34D4D4D721572456AA2334F33DEA4591879188D53D5644D676B6C594A2BC9010113F698F4D87EE603054A79AB636C3BCF1449A577247CDF33E5EA88C85B4F76B85EC3FACBE1E67E354F436EF9F9EB99FCD0397B7D627C9FE43591FD6AB21D75563CF0CA1000903D4FA4F35274E0F9CE9D3BA150E8C68D1BEDEDED1B5EFFEAE33FBF7F64EE6A687170858BEC4476253B3C7AF4686D6DADEC5CAE42AE48AE8E21672FD3F9EB761EBAD9F89C72EBA8B32967D38F3A2F65F5F134C65699CFD9103377161F8E1EE6590D3F3F55D1E2E5D9CF9D43E15F1CBFA48EA7218B747F06E3CD497E73D9BD3EB1FF12969C266C68FDD2B5B9F7CA1000B0525E4967F3C0736F6F6F4B4BCBFA97FEC7935B1F70AAE7EB1975B3EC447655515171EAD429D9ADEC9C2167BF485B18B97E5F60CA0A8A5F9CF07133CEA3CE9A1F4F936C40342BF22356B50D4A37AB1E558B1AD3F5CE62BF79CFBF7F29CB7F8839787D62398ABA631F1B23D2CE9F369FCF79CF743300789057D279293EF02C4F064343439D9D9D754D2725791FFFF9FD751D87B2196F5E18940D6573D9C93BEF1D3A71E244434383EC56762E57C190B35FA42E0CA32AAAAB2B735215C962CC9C47391975367F7CF90ADF2668BBC796CA2FF4AF2BABF35A349B974F3EB1E791DDA7F735F4AEE83874397A7D32565F9FF64ECF793A2FADFA2B4300404E78289DD5C0F3ECECECC4C4843C375CB972E5ECD9B31B5FFFEA37FEFDD325071FCB349D6513D950367FFBEDB78F1F3F2EBB921DCA6E65E772150C39FB48B2C2909E504B6DCDD1F3E7CFB7B7B75FBD7A35175561FDE3BFFDE00DD6C91BC665D98C3A274DE7C8F619DEECE0C9C1EB13F3EBA08A2E875745CBEF364CFF7A2973ABFCCA1000B0721E4AE7A5E8C0F3DDBB77676666C6C6C6AE5FBF7EF9F26549DE9D553FFCA74D7FFCADA7EF7DE9D0DAEE91B3A98B595690D56465D9E4F5A33FACA8A83871E284EC4476253B94DDCACEE52A1872F6177B61747536B65DAC6D693ED5D4F4BE44B3BC2EEAE9E9B971E3468EAA22D6CB91FF732CA3489495D677253D245A367309A4964B4B97E70790CE69E5E2F549AA236B381DA42EB29FA895FF7D4059F55786008015F1563AAB6791F9F9F9A9A929798690D895246A686838F5C1C992436BFF71E317FE7AFD3DFFBCF9BF3CF7C6FF2EAFDD72A1FFBD0FA73B659113F2AD9C2917C90AB29AAC5CFEF65B478F1E3D75EA946C2E3B915DC90E65B7EA80743CDFF88EB930C2E1B0FC36878686060606FAA2E4847C2B67CA4539A80A4BF8263D5E70AACB33ACBAD8E8655607A70BAE5CBC3E89CD5E575BD5A74A67756DB19D44BFAE70C8D9B0EAAF0C0100D9F3563A2F59EB796C6C6C7070B0B3B3B3A5A5A5B6B6F6F8F1E3074EFE6CD3CEBF5EF7EC7FFEDB277FFFAFBEF7A9BFFCEE6FCB2227E45B39532E9215CACBCB259A6565D9443694CD6527B22BBAD9EFCC8521BFCD5028242531122527E45B39732555B15C62967E321FE2ACCBF2B632DBE58E25ED78F007556BC6D13BE21B25B909709483D7271596FE4D326123F1C027D6EBCDC96F6B555F19020056C073E9BC64AAE799999989890979CEE8EDED6D6F6F6F6A6A921A3E79F2E47BEFBD575555257D7CE4C89177A2E4847C2B67CA45B282AC262BCB26B2A16C2E3B915DD1CD0540FDB7B1B8B828BFCDD9D95969E570949C906FE54CB988DF7200E5E6F589C6840DB5839C0C3627C8F72B4300404E78319D97E2CF2277EFDE951E9A9C9C1C1D1DBD71E3464F4FCFE5CB97CF9F3FDFD8D878E6CC99BABABA5A13F956CE948B6405594DFD7D533694CD65276A7E33CF3705C0A86769887913F9966E86AFF1CA1000BCCFA3E9BC641A83B973E7CEF4F4742814920EBE79F3667F7F7F6F6F6F777777675447943A2D67CA45B282AC262BCB26B2A16CCE384D41929E78F1C517E597EBF60D0172C6FCCAF0C89123EACF65BC320400EFF06E3A2B09013D3939393E3EAEFE8E396CA3FEB2292BC86A4473C1DBBF7F7F5151D1B973E7DCBE21405E949494C8EB7FB76F0500C0C2EBE9AC18013D3F3F3F373737333323653C652367CA45B2821AA4219A0B98FC7E376DDA24E9FCF2CB2FBB7D5B80BC209D01C083FC91CE8A0A68E3AF998ED4DF3489E68277EAD429F54EAF6DDBB6757676BA7D7380DC239D01C083FC94CE765555554C750DA6E79E7B4EA5737171F1810307DCBE3940EE91CE00E041FE4E679E5A82A9A3A3C37CE8DDE79F7FFEF6EDDB6EDF2820C7787C03000F229DE13FAFBEFA6A423A1F3B76CCED1B05E4D8B66DDB784D08005E433AC37F2429123EF36DCB962D6EDF2820C7F6ECD9D3DFDFEFF6AD00005890CEF0318966B76F02902FA433007810E90C1F239D51C0486700F0207FA7F3EBAFBF7EE3C60DB76F055C433AA38091CE00E041FE4E679E5A028E744601E3F10D003C8874868F91CE28603CBE01800779249DBB2A2ABAACE78CD597269E65C7534BC091CE2860959595ADADAD6EDF0A0080856E3A77551495D68F399C9B923D7EA5881DF6133F5FBE3AEEC7719325D239F048671430D219003C28693A27ABD8545DDC5591AC71CDBB4DB2CE587D85F902469D911EE98C02463A038007E98C3A1B15EB90C6290A3BBE6ECA084FD86192759345344F2D01473AA380F1F806001E943A9D55345BD3B9ABC25CB2965164535A9BCEB7ACE2F44DAC97AD15AD35EACC534BC091CE28603CBE018007A548E748D146EBD536EA6C9AF8AC37EA9C3A9D97E2FBEE4ABAB3D27AC79BC8534BC091CE28603CBE018007254DE734F396E3179BEB37C969BD091BA62CB78E36A7BA213CB5041CE98C02561DE5F6AD000058A49AB091ECF819E694CDE9A8F398F39592CE4882744601239D01C083D2BE4DD07A480C631287C13A79C3B82C93B9CEB1FD6431EA7CECD8B173E7CEA5FB1150B048671430D219003C48F3081B45EADD82CE03C09181623551D9F18D7DFA1336EA259B2B321975E6A925E0486714301EDF00C08334D2D93285C2F9A817CB75EC70B9D6A873740F918D331A75E6A925E0486714301EDF00C08352BC4DD0B1964D1D5DD1657C633E3E9D65C0D856D2C93F12657907B18DE2BB4AB13E4F2D01473AA380F1F806001EA4FB41DCDEC4534BC091CE2860CDCDCD5555556EDF0A008005E90C1F239D51C05A5B5B2B2B2BDDBE1500000B7FA733A33201473AA38091CE00E041FE4E679E5A028E744601E3F10D003C8874868F91CE28603CBE01800791CEF031D219058CC73700F020D2193E463AA380F5F4F4949595B97D2B000016FE4EE7F6F6F6B7DE7ACBED5B01D790CE2860FDFDFD7BF6EC71FB5600002CFC9DCE3CB5041CE98C02C6E31B007810E90C1F239D51C0787C03000F229DE163A4330A188F6F00E041A4337C8C744601E3F10D003C8874868F91CE2860C3C3C3DBB76F77FB5600002CFC9DCE3CB5041CE98C02160A854A4A4ADCBE1500000B7FA7334F2D01473AA380F1F806001E443AC3C7486714301EDF00C0834867F818E98C02C6E31B0078905FD3F9D9679F2DB262D2730091CE28483CBE018067F9359DF7EDDB677E5E79E79D770E1E3CE8F68DC26A239D5190787C0300CFF26B3ADFBA756BE3C68DEA79E599679ED9B973677F7FBFDB370AAB8D744641E2F10D003CCBAFE92CB66DDBA69E5A0E1F3EECC5BF66765594D68F59CF1AAB2FB59D1739B3A8A22BEDCE8AEC5B46CE4D29B2DBB1FA0ADB86B29DED1AE566547439DC96E8F9696E9D6B4867142AAF3FBE014050F9389D5B5B5B376CD8A09E5A9A9B9BDDBE39CB62816C4967F54D3C9D23859A426CD5D459EC90DB0EB1AECE4E5C37693AAB0BE3FF1F4B6FD21958759E7D7C038080F3713A8BCD9B37CB534B4949C9C2C282DBB7C5601F0A96F4B4A5B363E4C6B64FB8CC14B54EE3D8A9023CC92E93A6F3F26D8F9E269D01F778F2F10D0082CEDFE97CE2C409796A3976EC98DB3764D97269A61875CE6C67D674B666AF658FA66B4C7D4D09E9BCDCDFE673FD90CE1CBA0B05CC838F6F00007FA7F3C2C2C2C68D1BA7A6A6DCBE21CB1C47814BEBEBCDE99C76328631AB231AADB65167D3C4E774A3CEF1CB5573A71C9D5E0E6F15CD7E4867A08079F0F10D00E0EF74F634FD5167A73A4D326F39F162F31E939DB65FADD3848DF8AD308A9D74060000B0229D73CE3E106C9BEB1C5F2FD6A449EA34DD30B1F39539ACA697CED1DB585F51641D7B269D01F8CAC71F2FBDDB36F8D3CA96355BAA64F9AD753B3CBEDCBFB9526EE7770E9EDBD7D03B33BFE8F6FD07200DD239E7E2AD191B1856DFDAD3D9743AA17F2D996BCD5EFBC1E3AC93378CCBB218758EEEDC32504E3A03F091F1E9F91FBED5F4C927F6B85EC32B59BEB9FB74EF48D8EDFB124052A473CE39A6B37191694CD778575E9A3A8DF57242D92E8BECAAB4BE2BF9E1A197A7581BEF6074387AB3ECA4347EF34CB78874065CF071D46F6CD4F979BBDAE487998F3F122C3F8A253E8EA43ECEBCE31FBA1CCFCE525943EF3DEBCB547DDEB7A9FCA98A96E3ED1FCA32115E9C9D5BF2F2A26EE72F8E5F32C6C83FF1ED9D3FAD6CC9E3EF19C00A90CE39674AE78A8A52E799136AAC5835EF589A3AB53C1F257D524B7579FC62E3C284A7BCE527B0E54A378F8E93CEC0AA52D13C31D13F3EDE3B3AD227CB7CD4C2C2C2E2E2A20AE89C5D99CE272B2DE9A573D2376818ABA6BEB28C0E40B44CEE8CEF1C3CA7A2F38197DE6B1D08B95EC3592F9D43E1875F3BA57E96075F3D313E3D9FCD3D02209F48E7BCB13C8F988E74617DC6717E26B11E61D9B253A775CCC7A77378D2B30D323B4FD830EF417DA6CB8A9ECE629877086424DECD7DBB5EFDBCB1DCBCD1393535353B3B2B019DE37A4EF996E4F884B3E5C7947A7B3AC74EE8A4B3F16DD2636C664175F327BEBD73EBC90ED7DB3757E3D06ADA893C1631F60C78CD6AA433F1144CCC3B0432A5BA797CBC577279F72BBFB773EB1FC8222776957EAEAFF762281492809E9B9B5B5858C8F1D8735CD28C358D3AC75E539796C68E6269A4B49A38E630985C1F8FEB5463CE6AD54C6F705943AFEA66C94DD79337874BEB4048CD3F9147D195FE5201E4547ED399780A2CE61D0299B277F3C5D6928B174A8C7ABEDADD7CFBF6ED70389CE37A4E9EB4CB63C38E13362C6BE88D3A273FA0501633C36E4ECCA8C7991D35DDAE3F74E47CA9E91A91071FF9E9CE0FACE42F7F00722C8FE94C3C0513F30E812C3874F3859289C9FAD0476722F5FC4AA49E77BEF2875D9D8D52CF939393B9ACE7241F446AA9DCD868B3D3840DEB5E9C8E18644DE7B499AE4D3DD43CF8CA09D71F2BF2B4C8F3E66F45A76D64F78B05900F794967E229C898770864CAB19B259A259DEDF5DCD9D190E37A4E37EA1CBB5CEF6D824E0715CACBA8F3CCFCA21A94F5F5534CEA6522BCA846A02E5C67E019F08ABCA433F11458CC3BF4B3951C986CC9F241F10E5358133FEE3DD5D5054CB2F1E6898FCE4C4EB74C4FB74C441B3A8FF5AC39EA9CF4BF01B5BD763AE768D4B9FC7CBF7A4C76FDF121AFCB636FD4C98FF9F43B2D59FF7A01E456EED399780A2CE61DFA4FCE0E4CB66449E7E447184F726C99E02674B2F16659A6A3DDAC1635FC9CAF7ACE62AEB3FCB64BE32F7D96CFD298B061125DD394D4191E66635D59A4293755B5BAFEE090D7E5C88541F931FFE499F22C7FB900722DC7E94C3C0519F30EFD2747072633A7574545B2741EABAF508731B7445976EF0F2B0C49E76944BB7932BEA8D36AFEC6C5D63CD47386A3CEB1224E72703AA7191909AB26AC12BFCEE8FFEBDF6AF55E94021BA3B12FC3A179F931E58935F3DF2B80BCC8713A134F81C5BCC302B08203932DA59AB0113F5F7DB27B45E450652BFF73BDEF397473DB8BE6791AD3A66E36EA3932EFB9EDC5FCCD7B76FC6F40FDDE6D7F544838FABCC3EBB0844F6B8AFFF7629BB491D5619D3FF3A303F28FB17328ECFA2343BE17F5D09AF93D04202F7299CEC4539031EFD0AF727360B2A5E4133662E7C7AE27BE8EFA7FD38E8395CEF66E6EBDF8C2F844CD44A8263CD51059C24DB284C28DEA5BE384AC208BAC9CC7770DFA847AF7B6F70FD9B4F28574063C2597E94C3C0519F30EFD2A3707265B5A3E0C43E2840DF3158C8D59CF0B663ADBBBF9FC859FDF1EFB409689D0D9C832591F3BE1B4A835659380D7B34AE7ACFF2DD716AF79ECC050E2F9755BD6A4B4B92E613F43FBD7AEDB7FCDE92AAEBDF9587143FCDB86CD6BB6D4667B53D54FEAF6FD0D202697E94C3C0519F30EFD2A070726B37CCE7CD2091BE68F7677B8D2A0A4B3BD9B1B9B8A3F1C392ECBAD5BEFBEBDEFBFCA99277FFD77E363A747C72D8B9C2917C90AB2DA70747DD930C8F59C693AF71E58973A8BD72C976E7CA9DBE290D7B675D6AC7DB337C935AACD23576DDFB9F6423A039E92CB74269E828C79877E959B03932DA59DB011E96B63EF89D3628332EA6CEFE6A6864D3707AB6E0E1D1DBCF98EEA66B59C78F761E96363916F8D8B643559F9C68791AD64F3C0D6F30A469D87F6AF5563C00D9B6DD59BA2B06319AD31325D5B6C2EF22D9B75323DF9423A039E92CB74269E828C79877E959B03932DE91C9C2E7E65A5F5F5A98EEC51A8ECDD7CB661C38D9BE5FD83E5D2C16FBEF125238E63F55CF57539FFFACD2A39917091AC2C17A96D6527C1ACE7ACD25945B3359D25854D216B0C154716D3A8F3F2F9EACC6B6F3EB6263655C3BC899C56933A6A8B6D975AAF487FD14CE7BEBEBED75F7FFDE0C183AB70E7034196CB74CE413CC9835192BF7CADCAD2B039F171CD78842DE878CA05D7E61D5E7B73B36D43D99BD394C42DB59167BB845FA8F3AF78E54F63BE919B03932DA54D67CB417CED0763C8F0C064BE63EFE6FA333FBED67F5016C95F5912E2582DC7DFFD9A2C8E170D5CAF1818ACE8B97648F620BB2A987A7EE185178E1C3922373EED9A993FE6C83F76F5C8601B75364DBAD019758E3F58457628A78D5C9E754AE7E53323E9FCA66CB2664D92E9D1D93EE69C397366CB962DC68BDEDCFD360038C87D3ADB23C6360F2CF6B0B5FC27ADB56FD6DA1EAD1C6798E5E88D1DD67105DBF9C91E3A8D4D0A2D9E72C1C57987F6504E9ACEEAC952ED39360214F87436C9FAC064E6F9D0CEC3D80931EDF49172053C0E6DEFE69AD34F76F7945DEDDE27EDAB96F7DEF92BC744765C646563C3AB3D65B22BD96161D4B3FA8F61E3C68DBB76EDBA75EB568A35337DCC31B7ACC3127F78491842763C1D7DD2B195B1FDB92FFEC4617AB893AD72F698333535555E5EFECC33CF24FC53CADB2F0740449ED339FA52BE36F1CF5596070ECBE39131EA6C7A14CB5560D913D9E9A2A1FDC5E6D0777E8C2BE078CA9A6BF30E9D364C9ACECBAFB2A2A7F399CEFCF1148AEAE689893E5337AFBFD2B54B96EE68F51ACBBB950FEA74B3ACD6DDBD7F79C3EEFD6A6FF67A0E87C352CF8B8B8B7203DCBE1B74991370C3860D2FBEF8626363A3E39A593CE658A6203B3F98683EE62C1943CEB349A25C9D1979AE591BD9617CD439978F39C5C5C57217D95FA8EE8993C79FEA74FAD3D1F90B001028794D672368E287EFB13F70C4FE4CD6E0F02E8A3509C3D52B0CACA1E89FC99248D861E4CFFA0E8C1A0B4E3AE7F38FA74BB9997798E409D29CCECBFF79985F68E52D9DF9E329CC249D2726FACDDDDC7E79872C57BAF6C872B96BEF95EEDD1D5D7B3BBA23CBBB157F9EA69B2BFEBCB37B6F64DBEEDDF255368C7CEDDEABF6F9C1C9F5463D7775364A3D4F4D4DCDCFCF4B3D677AB3878787D3469559DA44333B76ECD89E24122AF0D9679FDDB871A3FC83B2DFC26C5FAE5B0F27679FC4659DBC619E8991C9804EEC5AD4639169C246431607AA4BF69873FDFAF5F2F272096879A0967BC9B8D38C5F4A676767DADF45B25F8441F6EFF0772493EDDBB767F30F03F0ADFCA5B3F5D1413D3C25C68AED11C436EA9CBBC0B23C5C3A0D75C7DADA36AE10E851E7FCFDF13447F30EE3AF88D47F12295F172D8F0CA9FF78729DCEFCF1148E6253354A3F27DD2C69DB7EB954968E8E5DB2B477BC2E8B3A617C5B55FE17C9BA592E32AF9CB0A1DAB3AAE7D7B77DB6ED62EDD0D05028149A9D9D5D5858B05769DA1E4A1B556619A5F3B973E79225B8710376EFDE2D0F3B12CD070E1C9046B4DFB12BFB4B57AC689D8F2BA7E663D4D9DF1AE1B04447B2EDA3CEB167B7C474B6BF865FC1638E22BFDCD6D6D6AD5BB7BEF4D24BCF3DF7DCEA3FE6F02887A0C9573A4BA66C2EB644CF636BE51C6BAC188F23A9E63AE7E88D1DE9D3D9C8EE86A4E3D3F1D58296CE4A6EFF789ACB7987B677973A4DD8883F7B19834CB94EE7679F7D36A3344101939434FEC390741E1DE953E95C73FA49353CDCD1BD578D37CBD2D9BD373690DCB5A733E5C0B35C241BAAADD4A8B31AB18E7C8D0F3CAB691B92CE2DCDA70606068C81E77C3D46E49ADC7BF21274EFDEBD252525CDCDCD29FEE4957D3A5B5E663BFFF377FE539543345B5FC31B2BC707772CE96C6C9BE11BE2359F71E485C75B6FBD555C5C9CD35F487A45A43302268F13361CDE74EC1C2BA609180E0D94ABC0D29BB011DFA1ADBD2CB344923D90653AAEE3538E0FCD6ECE3BD44BE7E82FF7CDCD6BAC63CFB94BE7502874F2E4C9E79E7BEEE5975FDEB469937177E5F09F18FCC84867E3C01A6A6AF2D59E32F50EBFAB994C778E4C748E6E72D5BAA1DAA771A80D49E7A6A6F7FBFAFA464646C2E1B08FD2591E5ECACACA7A7A7AD2AE99F9CBF5F86387A5864DD3058B1BCCEFED73EA6CCB3A8E0F326B62C7755EB7FFC096E534B74D024CFF492B99A7B35B789443D0AC523AC752C61A2BCBA380A607237BCEE628B0F4479D879CAF54239D0B8FD17F870F1F3E74E85049494955559534A27D4DB7E61D6690CEA6E3B0E6239D15D7FF780AAF91749672BD79A373E72B7F189D85FC0767CE3EAD7AD7384A464607D9301F5EC37C900DD9ADD1CDB53547DBDBDBFD98CEFA5678404C1F2D1E7FC6E1510E4193EF7436C67A9DFE441E2D9E5AF35FB292FE196BE58195713A6731EA5C788A56E18FA72B9F77B83C5B3DB6823D9DA32FAE226F75373EA420BE42BE8EB0E1D61F4FE1352A9DA7A6A6FA7A2F1AF57CB661C3B5FE8391A3320F460ECFDC3F589EECF8CDC98EF73C70BD22B2AD7C8D1E1CDAF85841E9E6EAEACAF3E7CF5FB972C58F1336F491CE1E413A23685669D4D95AAE96C48956B5F31136ACF5B3C2C0D29FB0F1E6E6355B3633EA1C95BF3F9E5A7F7186ACE61DC6FF189AF8578EB9E56F631BC65E7439FFD758184F63F01A49E7858585D9D9D9502874B5BBD9A8E7C6A6E2C19BE5376E965FBF19F9C840C7443E51F575FB4709AA25F26982F10F14945D19DDFCC107158D8D8DEDEDEDF2CFD6FC3641B7EF86DCBB677D59403EBF56FDA46EDFDF4991CE089A554B67F3A86D423A9BAA34C59B27561A585AA3CED13D2CBF2DDAB47940479DF5B935EF3076A6F537EE3C61C3BC07F3211133FC004B7EFBC8C8C71F7FBCB8B8A8069E6FDFBEDDD5D968D4F3F90B3F57053C3C72FCED7DFF35B19BDF7D58CE97454E245C242B7F3872FCE6D05159642709DDDCD6D676F5EAD51B376EACE4E074DE77FFE64AF99758D335E27ADAE67B911FF3934FEC497F8FB8847446D0E4F3B8CED6CA89D48FF1568968AC181F0D9874A6B2790EF4CA03CBB4A43E2AB0A5BDE2BB32AF4F3CD9F1C753C091FA481489D7B9B9B970382C39DBD9D160D473EB85E7258265B975EB5D733D9FFCF5DF8D8E9F1E1F3B3D3C562D27E45B7337CBCA6A2BD9DCDECDDDDDDD8383833EFD48147D7FB3E394FC4BDC51D3EDFA63425E97C6BE31F931EF7DFAB0DBF77752A4338226EF1FC45D900BF164C76F1F4846D5F3C2C28284ECE4E464623D9F7FF1F6D807B28C8E9E50F52CA13C113A9BB0A87A96156435B5BE6C98A29B7DFA41DCFA5EA9EE907F890FBF76CAF5C784BC2E4F55B4C88FB9AEACCEEDFB3B29D21941433A67B3104F76CC3B0452485DCF6D6D2F4F846A6409851B65094F35C8123B1D6E52DF4696E8E9F1891A5964932077B3E81B0DCBBFC44F7C7B67FFE88CEB0F0BF95BEEDB542E3FE6BB9706DDBEBF93229D1134B94C67E229C8987708A496BA9E2F5DDA3A31592FCBE4748B5AA6E35FA7E3A765097D7446D6919503DECDCA83AF9E907F8FFF7AE09CEB0F0B795A7E75B6577E4079C6999DF7E86CF55028545252E2F6AD0056552ED399780A32E61D0269E9D7B3D1CAE6D31374B3D5F9813135F02CFF305D7F70C8F9321C9A57C334AF5477B87D4F27453A23807299CEC4539031EF10D091B69E23E3CA1F9D99B68E3A47BA79B25E2EA29B137C73D769F927F9991F1D28B0691B13E1C5355BAAE447BB7F73A5977F93A433022897E94C3C0519F30E014D3A63CF52C9E65167351A4D37DBCDCC2FAA3F78DEFBF4E1D68190EB0F1139598643F3AA9BEF595F260FAD6EDFC7A990CE08A05CA633F11470CC3B04346554CF74736ABD23E1FB9E2957F3E8B69EEC70FD816285CBE1E67E354F437E9CF3D7C7DCBE77D3209D1140B94CE725E229D8987708E8D3AC67E669E898B9B3F87074C6A01A7E7EAAA2C5778F429D43E15F1CBFA48666649117031E1F6F56486704508ED399780A38E61D02FA74E63DD3CD9AE447AF6A1B946E56E9A916F588EDF1C57E9B9F7FFF925F7E93A4330228C7E9BC443C051BF30E818CA4AD67BA3923721F945FE85F5756E78B68362F9F7C62CF23BB4FEF6BE8F5D79F3449670450EED399780A38E61D0219495DCF4637575757D2CDF01AD2190194FB745E229E028F798728485D1545155D09E78DD59796D68F452E8BFE9FE34A725651FCCCE869076F77A87A6E7FD3F9F2B83D1F5C1D1CACDF9F6A15DB6D54D7EA7036B052A43302282FE9BC443C051EF30E5130A48E5577C6AAD8F83E76613C9D2B2A2227A32B45CFADAF706859A7FC8EECA4A2CB36F6DCD5D9786C6751D18EC34D4DEFB7B7B75FB972A5A7A7E7C68D1BB76F371D7AE5E490F378B3B1FF648DAEC43A1F58A1E1E1E1EDDBB7BB7D2B805595AF745E229EC0BC43140A15C8912CAD8FA5B2A9A397479DE5BCD2D2D2C8FF22171903D166C98A36B28179E646F8FAC96D45452FBFFCF24B476BDF79A9E8A5775A07060686868624A9C3E1D6374B4FDF729EA79190E609C3CDF15B0BE4487F7FFF9E3D7CB62E82258FE9AC104F000A83254B9DD23976BE71CA399D938C3A474F45EBB9A33C322E7C7A706A2A74FEE0B66357474646BA8F6D95F35E79FFDAD4D4D4DC5C7B79694D475DA9D36072BDDA7FEA3167B56ADEEE270408E98C00CA7B3A0380BFD93B54EAD49ECE1515A59655AC9B2D9775D251E7F8C59179CF8B8B8BF3F3F3B3970EBF7A6A301C25D17CE97051D15B9717173BDE2EADBBEDFC8730539A2F0779B2358095229D1140A43300E8B0CE76701E758ECC835ECEE0F85999A6AA9AB921F5BCB0B0306F22DFCA99BFF98DA4B3716509716E4DE72423CEA473D62A2B2BDDBE09DE423A238048670048C569A0383AA69C98CE5DF5D179CEF1384D4CE7E4296B4DDAA4932D8C707788F2E5DBC1A8733EC9AFC1ED9BE02DA43302887406001DD614759CB0119FC81139577D9B62D43959C32639DF34755A3B9D1975CE35D23901E98C00229D01408373D1263DAEB331BD23219D97779330BA6C0A63FD74B6ED20E9AD2C32273587D9C816E99C402B9D23FFFDC5FE9BB3BFA08BFD7799E68F32CE472BCFE01836497794FCDF83E59F2E7FADC132D21900D2313DF7DB2E8827ABA562EB2B4CAD601E1B5EAEE414A3CECE528D3A9B3636A67DC8898455E2B736FAFF2BBB47028A744EA03DEA1C0B5DFB7F91CBE99CF4155D6C2DDD294FD6AB4DFF3AD1B9C12D37CA723077041EE90C00A9393D6F1A4FE34E4FBAE60C30E22092C44634A778E2D71E7576BC39C6A7B7380D4CF359282BB2B0B0F0CC33CFB87D2BBC25D3091BA9469DD3A5B3D33929FF2D247BF5A931326D59A5A2C2F1FD0EFA3F350A0CE90C00407A7CE8B45D16E99C7AD4D9691A52C25F6ECC7F4E897F1651B20FFE31A5F5F2F9EA4CEB3412A7D7BAB64B99B58128D2190080F44867BBD6D6D6B407EC334F534A3BEAECF4E657CB516AAC6FBE8DF7AD69D285CEA8B3795D396D6FF325EB8076ECCCD8078A16F1E79B80239D0100488F74B6D349E7887887AA0675180BD648E734F3964D57E130D26C1B8D36E7AFE361708C391BAAAD8B2CDF31F81C68A4330000E991CE76D9A5736C94B84B1DF9656C6C4C77C246B259CAE6A64E3FEA6C5A313E66ED78AC8ED8B40E75B0F6F8A87357561F738482423A030090DEEDDBB7B76DDBE6F6ADF0962CD339F27FF596C3D6684DD8B09E6D7C973001D93A79C3B637CD2375C456B71CAA2696CE4C790E3AD2190080F4F8F80FBB4CD339366C6C3ACAB3C33BF512391E612356B4CEB38ED57C8C2EAD43CA456F927D2F964C5E4E67CB046D0414E90C00407AA4B39D563AC78BD37EA4F1A5641FF0E3340E6CDF618A8C4D385C638ADB65B97A63E5F8C8B2E301D239327AC091CE0000A4473ADBE9A473FA3856719A6ED47939982D196BEAE88A2EF37BFBEC9727ACE3FC1185B1E33A473FD7C8588B23A4C384740600203DD2D94E77C20650404867004021C8E4D392B3F96465D2D98E74460091CE0000FF4B3D5936F1B3959D57498D4CB4E33E410091CE0000BFEBAA881C7ED7F9600BB6CF9073A073A85E32D1EEDCB973C78E1D73FB5600AB8A740600F85BB48A938E2A3B1673AAB7A525413ADB5547B97D2B8055453A03000A40925165F3D9C9E76CE8CC7B269DED48670410E90C0028001AA3CEA68C368F3A6B7EB032E96C473A23804867004061307D0473B2CB5730EA4C26DA719F20804867004001C8FBA8339968C77D8200229D01003E17FF10B8C829530547CE364731A3CEB9C67D8200229D0100FED6556F9AA661F960E684F51875CE31EE130410E90C00F039F3E7A1248C3A271955CEE2E07464A21DF709028874060020BDAAAAAAE6E666B76F85B790CE0820D2190080F42A2B2B5B5B5BDDBE15DE423A238048670000D2239DEDB84F1040A4330000E9918976DC270820D2190080F4C8443BEE130410E90C00407A6565653D3D3D6EDF0A6F219D1140A4330000E9EDD9B3A7BFBFDFED5BE12DA4330288740600203DD2D98E74460091CE000024F5ECB3CF267C6AF7F6EDDBDDBE515E413A23804867000092DAB76F9FB99BDF79E79D83070FBA7DA3BC8274460091CE00002475EBD6AD8D1B37AA6EDEB469D3CE9D3B99B661209D1140A4330000A96CDBB64DA573595919B335CC48670410E90C00402A52871B366C9074DEB76F5F7373B3DB37C7430E1E3CD8D9D9E9F6AD005615E90C00401A9B376FDEB469D30B2FBCB0B0B0E0F66DF1108E3A8200229D010048E3C489131B366C78E79D77DCBE21DE423A238048670000D2585858D8B469D3D8D898DB37C45B48670410E90C0000B2413A238048670000900DD21901443A0300806C90CE0820D2190000648374460091CE0000201BA433028874060000D9209D1140A43300A0107CFCF1D2BB6D833FAD6C59B3A54A96DF5AB7C3E3CBFD9B2BE5767EE7E0B97D0DBD33F38B6EDF7FD9209D1140A43300C0DFC6A7E77FF856D3279FD8E37A0DAF64F9E6EED3BD2361B7EFCBCC949494844221B76F05B0AA486700808F9535F4DEB3BE4CD5E77D9BCA9FAA6839DEFEA12C13E1C5D9B9252F2FEA76FEE2F825638CFC13DFDEF9D3CA968F3F76FB3ED5463A2380486700802F49627EE7E039159D0FBCF45EEB40C8F51ACE7AE91C0A3FFCDA29F5B33CF8EA89F1E979B7EF5D2DBE4EE78F9370FB76C1EB486700802FA96EFEC4B7776E3DD9E17AFBE66A1C5A4D3B59B3A5CA1709E7AF745665FC9BA8C5C5C5858585BB3672A65CA4D6A1A4E188740600F84F5943AFEA66C94DD79337874BEB4048CD3FF9E15B4D6EDFC7E9F9259D8D6896329E990CF7359D6F7FBFFAF42FF756BFB65B2DF2EDD5B38DA1B1F1999999B9B9B93B77EEA88C26A061473A03007CE6E6C48CEACB1D35DDAEC76ECE979AAE117949203FDDF98131B7EFE934BC9FCE46344B319FF9D581D7BFF1E8F77FF7F3DFFDEDFFD371918B5EFBDADF4B528F0C0D4D4D4D49464B4313D048403A03007C464DD578F09513AE676E9E96A72A5AD4B40DB7EFE9343C9ECE2A9A257FAB5FDBFDD4BD5F3427F2CFFFDBFF2AF9CA57CB1E7D5C163921DF9A935A563EF652E9D8E86D7B40BBFD33C17DA43300C04F66E617D5A0ACAFDF17987A99082FAA61F50BD73D3DF0ECE57456DD3C74A5EBD92F7D5905F10F7EFF8F763FB2B6ED57FBE67A7A160707131639F3C2DEFDB282D1D09BBEF867576ACF8C8F8F4B40CFCDCDDDBD7B977AC612E90C00F097F2F3FD6A44D6F5C0CDEBF2D81B75F2633EFD4E8BDBF7772A9E4D67D5CD178F1E531DFCC4A7FEAF83FFF26FA1D68BF662B62FB25AD9A38FCB266A7CFAF4BE43A3A3A3939393333333D4339648670080BFAC2B8B34E5A6AA56D7EB36AFCB910B83F263FEC933E56EDFDFA978339D8D6E56F9FBEC97BE3C5453A713CDE6E54675CDA62FFE99CAEE537BF70D0F0FCB4F4A3D6389740600F88BFA0091023BB0867D190ECDCB8F79CFFA32B7EFEFA5858585FEA8CECECEEAA8AAAAAA3D515BB66C999B9B73FB065AA86E6E7FBF5A75F36B5FFB7BC7E9193A8B6CB8EDC1BF51F57C7ADF21EA190AE90C00F093CFFCE8803465E750D8F5BACDF7A2A674E7FBFEBC7DFBB62AE373E7CEA9322E2B2B53655C14F5CC33CFA86F0F1E3CA856686E6E569B786DC8D998DFFCE4A7BF20C95BF295AFDE1D18C8AE9BD5229B3FFFC0436A9EF485D3B5D4339648670080BFA88FDCF3FEE76C7B219D530C18979494A832DEB66D9B3AE7D8B1636A9D9E9E1EB5558E7E63AB475A766E6E4E4DB428BAEF4FA7AF5C710CE2D186A6EACDCFBFF6B5BFDFFAC0436A297BF4F1C66DDB1D57969D147DE14B6A87DD5D5D232323939393722D72DF92CEC1443A0300FC44A573D63D5A5BBCE6B1034389E7D76D5993D2E6BAD89ABD07D6AD296ED0BBAEA1FD6B9737CC62513F698ABBA290068C574E0D391F7F7EAB64EEF77EE7B38EF39BA583A592931DD7F9C94F7F4192DABE95EC4A76282BFCEA271BE5AE1B1D1D9D9A9ABA73E70E03CFC1443A0300FC24D3748EC46E6AF614AEDBE290D7B25C7BF3B1D4FBD14EF095A4B351C6853460BC72EA734FD4548D23DFFFB1BD80074F56AB4B532FAF7DEDEFEDC3D515DFF9819AB671E9C205D9D3F878E47307D5C19EDDFEB9B1DA486700809FAC60D47968FFDA2DB591130D9BD7BED9AB5DD8F18C96ADD63D66DBD092DAC99A3B7E15394967D8A921E7D3BFDCAB0237DCD63EDFD7675EFA7F7D4CA79BD5F2DC97BE9CB0B9EC501DE7EECD9FFDA2B7B77778787872729281E760229D01007E92553AAB68B6A673DD16F378B374ED72F59A0AD838BFB678DDFE6B0D9BD3E475622BA72869D23987A45F1716164ABEF255A9DBB2471F9FBE722561792EFEC1289ACB91EFFFD8B287CB57763FB23672A8BBFFFE95CB972F9B079E49E7A0219D01007E92793A1B738E6DA3CE52CFF151648D5167E7E1EAC4C1E6E47336329DF74C3AEB53B335D401E9DACAF6875A5A422DCDD1AF2DA1E6E6E34F6DCAA89BD5D2FFEB63B26D6C3FCD2D6DBFDAA70E54D7D2D0D8DBDB3B3232323535A50EB5E1F64F8F55453A0300FC24D3748E8E16275F215EBDE611E264A723E99C36AF9D46AC67339FAD413A2B2FBCF0C2912347D21E3D5AFAF5EAD946F5F97FA3353509CB53F77E318B742E7BF4F184FDA8370B1EDD5BD6DDD535343464CCD9589DBB021E413A0300FC248B091BB5C5E96759E88D3AAB7A4ED3E28C3AE7907A43E4C68D1B77EDDA75EBD6AD64AB2D2E2E9E3D542E5DFBF3FFF6BF6E1E7B2FB2BC774C2D8DDBB667D1CDB24870DF78F7DDC84EE23B7C363AEBE3E09612F39C0DB9EAD5BC43E03AD21900E027D9BE4D7068FF5A53F2468E95A1266F9892D73479C37C343AAF8D3A575656EE5999EA95696D6DED5F19FD5F7791C9860D1B5E7CF1C5C6C6C68475D444E7EAD776ABE3635C7BFB6DF372E4FB3FCE2E9D6549D8959A4BFDAB9F6C6C6B6B939F82E9CEC1443A0300FC646547D8880CFD460698934C595EB366DDFE3A5B559B8693A3F9DBB0D9F4FEC2C890B6F9F076F91F750E85422B2CD715A6F3CADBBD68658A8B8BCD778894EBDDBB774F95EE94AE7DFD1B8F5EDDBFDFBC94FDDD3F649DCE678AB79877255DAED2F9C2850BBDBDBDA3A3A3EA930549E740219D01007E927D3A5BA2D6298ECDD3366C077BAE3D60AA6DD3AE128398B9CE3965E4F2E1C3870F1D3A54525252555595F0792E09E9DCB977AF7959613A9B779590CEC63B0549E740219D01007E92F9DB04D738D5B069EA457183B14ED20365C8B6E6CF434918754E52DB1C9C6EE5249ACBCBCBF7EEDD2BD1DCDCDCECF87E41733A6F7BF06F12469DD5A79964B724ECCA98B0413A0719E90C00F093157E10B78F16D259141717979595F5F4F4A45847A5B3F136C18409CA2B799B60C2AE367DF1CFBE1BFD5414D239C8486700809F90CE48A0D2F94AED99EF460F4E17392C863A26467CC9F2E0747FF70FB1C374440FAF21BB350E4E473A0719E90C00F0937BD6974950760E855D4FDB7C2FEA275DF53BB8ABA2A8A2CBF4FD587DA9E57BDBEAA5F56379BF5129A9740E8D8DAB8F4469DCB63DE178CCD97D24CAB5B7DF36EF448D5ECB55549F3AC5DB04838C740600F8C9FD9B2B25286BBA465C4FDB7C2FF2637EF2893DAB7CF74A2827A470423A4B59A7912AB4F3421D9C4E2AF6F9071E92BADDFDC8DA5073E4F3FF3E327D2D8ECEB5D05F2ABEF383E8E70836C73F98B0F9F56F3C2AE73FFBA52F9F39738683D30519E90C00F093BFD9714A9A72474DB7EB699BD7A5B16F4C7ECC7B9F3EBCBAF7AE31E42CC1EC94C5F611660F8C3A2F453F12452AF6D84BA552B73FF8FD3FBA7DAE61FACA15F3D25B79F4C94F7F41B39B5FFA1F7F317DD9B2B9ECF0FBBFFB79B968E70F7E22E9CC47A20419E90C00F09357AA3BA4291F7EED94EB759BD7E5A98A16F931D795D5ADE67D1B1F60B60C3DDB276C24C96AE7B45E1DBFF9CD6FEEDCB933323424DD2C817BF05FFE6DBEAF2F61E9FFF5B1A22F7C296D374706AD5B2F266C5BF6E8E32ACA4F1E3BD6D4D4D4D9D9C907710716E90C00F093BED1B034E527BEBDB37F74C6F5C0CDDF72DFA672F931DFBD34B89AF76D8529801DFBD818915E8E69F3A8B37B23D02A9D6726C36FFEEC17D2B8DFFB9DCF0E9EAC5E1C1C4C58A6AF5C4971AC3A09EBC66DDBED5BC9AED41B04B73FFE6F67CE9C31BF4790740E20D21900E0330FBE7A42B2F25F0F9C733D70F3B4FCEA6CAFFC80F7AC2F9B9D5FEDC90063F5F569A72A7B309D8DE9CEA3B76EA943C815DDF7A7D397AFD83B580574F5E6E7CB1E7D7CEB030FA9457AFAC2DEFDCE2B5FBEA2C6AA9FBAF78BD5A74E35353599676B30D1398048670080CF9C1F185303CF8D7D63AE676ECE97E1D0BC3AB6C62BD51DAB7CC79A069A2BBA1C869D63C1ECC1091BD2AF6AE0797272F2CAB946356DE3F9071EBA3B30E018C49A8B6CFEF32FFF859AAA71746F997A83606F6FEFF0F0B0315B83740E1AD21900E03FDFDC755AE2F2333F3A5060D33626C28B6BB654C98F76FFE64A97932C718EB3C341EA2273A2A356FFA81A7652B177EFDE9D9999191F1F3F7BA85C1DA8AEE42B5F9DBEE23CF69C76910DD5213B645707B7944837AB59CEC690B35C1DB3350288740600F8CFCCFCA23A4ADDBD4F1F6E1D08B99EBC39598643F3AA9BEF595FD6371A76E79E8D0F2957D4A74A677588BAC818B39AA411FDDEDD436D1803CF535353A3A3A3A7F71D52F55CF4852F0DD5D465DACDB289FA2015D5CDB5B5B56AAA467F7FBFECDC98E5CC90730091CE00005FEA1D09DFF74CB93AF8F1D6931DAE87EF0A97C3CDFD6A9E86FC38E7AFBBD3A096FE4D32614345B3E35CE7D816EE8D40AB19CF73737393939323232352CF6AE6C6F77EE7B3BB1F599B6CEA73C2126E6B9795D5FB0265737337AB7707CACEE52A98E51C58A43300C0AF66EE2C3E1C3DCCB31A7E7EAAA2C577B39F3B87C2BF387E491D4F43167931E0DA7873028D091B11DE38AEB3A2069ED5B48D5028343C3C7CE1746DD17D7FAA0EA0F1FDDFFDFCEBDF78F4C2DEFDF37D7DF6629633E52259411DBF590D571FDD5B66EE66D9A1ECD698AA413A0713E90C00F031A997AAB641E966959E6A51C3B71E5FECB7F9F9F72F11632B64AFE7EEAEAE377FF60BF3E7A1481C6FFAE29F3DFFC043BB1F592B8B9C906F8D625683CD3B7FF093EA53A7D4A1E8E8669891CE0000DF938C29BFD0BFAEACCE17D16C5E3EF9C49E47769FDED7D0BBFAC7A12B5409F53C323232303070E9C285835B4AA492D54C0CC7452EFAF997FFE2573FD978F2D831F5A6C0B6B6B6CECE4ED95C76423743219D0100404131D7F3E4E4E4E8E8E8E0E0606F6FEFE5CB979BCF359CDC77E8EDADA592C8C622DF1EDD5BA68699650515CD6AB0593694CD6527743314D2190000141AA39EE7E6E6A6A6A6C6C7C747464654407777754916B7455D3051E7C845B2828A66D9443694CD6527743314D2190000142055CF0B0B0B91CFE89E9931027A686848B2786060A0BFBFBFD744BE9533E522594145B31A6C96CD6527743314D219000014A68FA312025A8278626242CA78346A244A9D9633E5225941564B8866BA190AE90C00000A9939A0EFDEBDAB1A5A993231CE94156435A2198E4867000050F88C80168B8B8B2AA313C89972915A87688623D219000004CEC749B87DBBE075A433000000A0857406000000B490CE0000008016D219000000D0423A030000005A4867000000400BE90C00000068219D010000002DA433000000A0857406000000B490CE0000008016D219000000D0423A030000005A4867000000400BE90C00000068219D010000002DA433000000A0857406000000B490CE0000008016D219000000D0423A030000005A4867000000400BE90C00000068219D010000002DA433000000A0857406000000B490CE0000008016D219000000D0423A030000005A4867000000400BE90C00000068219D010000002DA433000000A0857406000000B490CE0000008016D219000000D0423A030000005A4867000000400BE90C00000068219D010000002DA433000000A0857406000000B490CE0000008016D219000000D0423A030000005A4867000000400BE90C00000068219D010000002DA433000000A0857406000000B490CE0000008016D219000000D0423A030000005A4867000000400BE90C00000068219D010000002DA433000000A0857406000000B490CE0000008016D219000000D0423A030000005A4867000000400BE90C00000068219D010000002DA433000000A0857406000000B490CE0000008016D219000000D0423A030000005A4867000000400BE90C00000068219D010000002DA433000000A0857406000000B490CE0000008016D219000000D0423A030000005A4867000000400BE90C00000068219D010000002DA433000000A0857406000000B490CE0000008016D219000000D0423A030000005A4867000000400BE90C00000068219D010000002DA433000000A0857406000000B490CE0000008016D219000000D0423A030000005A4867000000400BE90C00000068219D010000002DA433000000A0857406000000B490CE0000008016D219000000D0423A030000005A4867000000400BE90C00000068219D010000002DA433000000A0857406000000B490CE0000008016D219000000D0423A030000005A4867000000400BE90C00000068219D010000002DA433000000A0857406000000B490CE0000008016D219000000D0423A030000005A4867000000400BE90C00000068219D010000002DA433000000A0857406000000B490CE0000008016D219000000D0423A030000005A4867000000400BE90C00000068219D010000002DA433000000A0857406000000B490CE0000008016D219000000D0423A030000005A4867000000400BE90C00000068219D010000002DA433000000A0857406000000B490CE0000008016D219000000D0423A030000005A4867000000400BE90C00000068219D010000002DA433000000A0857406000000B490CE0000008016D219000000D0423A030000005A4867000000400BE90C00000068219D010000002DA433000000A0857406000000B490CE0000008016D219000000D0423A030000005A4867000000400BE90C00000068219D010000002DA433000000A0857406000000B490CE0000008016D219000000D0423A030000005A4867000000400BE90C00000068219D010000002DA433000000A0857406000000B490CE0000008016D219000000D0423A030000005A4867000000400BE90C00000068219D010000002DA433000000A0857406000000B490CE0000008016D219000000D0423A030000005A4867000000400BE90C00000068219D010000002DA433000000A0857406000000B490CE0000008016D219000000D0423A030000005A4867000000400BE90C00000068219D010000002DA433000000A0857406000000B490CE0000008016D219000000D0423A030000005A4867000000400BE90C00000068219D010000002DA433000000A0857406000000B490CE0000008016D219000000D0423A030000005A4867000000400BE90C00000068219D010000002DA433000000A0857406000000B490CE0000008016D219000000D0423A030000005A4867000000400BE90C00000068219D010000002DA433000000A0857406000000B490CE0000008016D219000000D0423A030000005A4867000000400BE90C00000068219D010000002DA433000000A0857406000000B490CE0000008016D219000000D0423A030000005A4867000000400BE90C00000068219D010000002DA433000000A0857406000000B490CE0000008016D219000000D0423A030000005A4867000000400BE90C00000068219D010000002DA433000000A0857406000000B490CE0000008016D219000000D0423A030000005A4867000000400BE90C00000068219D010000002DA433000000A0857406000000B490CE0000008016D219000000D0423A030000005A4867000000400BE90C00000068219D010000002DA433000000A0857406000000B490CE0000008016D219000000D0423A030000005A4867000000400BE90C00000068219D010000002DA433000000A0857406000000B490CE0000008016D219000000D0423A030000005A4867000000400BE90C00000068219D010000002DA433000000A0857406000000B490CE0000008016D219000000D0423A030000005A4867000000400BE90C00000068219D010000002DA433000000A0857406000000B490CE0000008016D219000000D0423A030000005A4867000000400BE90C00000068219D010000002DA433000000A0857406000000B490CE0000008016D219000000D0423A030000005A4867000000400BE90C00000068219D010000002DA433000000A0857406000000B490CE0000008016D219000000D0423A030000005A4867000000400BE90C00000068219D010000002DA433000000A0857406000000B490CE0000008016D219000000D0423A030000005A4867000000400BE90C00000068219D010000002DA433000000A0857406000000B490CE0000008016D219000000D0423A030000005A4867000000400BE90C00000068219D010000002DA433000000A0857406000000B490CE0000008016D219000000D0423A030000005A4867000000400BE90C00000068219D010000002DA433000000A0857406000000B490CE0000008016D219000000D0423A030000005A4867000000400BE90C00000068219D010000002DA433000000A0857406000000B490CE0000008016D219000000D0423A030000005A4867000000400BE90C00000068219D010000002DA433000000A0857406000000B490CE0000008016D219000000D0423A030000005A4867000000400BE90C00000068219D010000002DA433000000A0857406000000B490CE0000008016D219000000D0423A030000005A4867000000400BE90C00000068219D010000002DA433000000A0857406000000B490CE0000008016D219000000D0423A030000005A486700000040CBFF0F28B6AFC9512265380000000049454E44AE426082',8,'itil-change.png');
INSERT INTO `jbpm4_lob` VALUES (10,0,X'3C3F786D6C2076657273696F6E3D22312E302220656E636F64696E673D225554462D38223F3E0A0A3C70726F63657373206E616D653D224368616E6765732220786D6C6E733D22687474703A2F2F6A62706D2E6F72672F342E342F6A70646C223E0D0A2020203C737461727420673D2234302C31322C34382C343822206E616D653D22737461727431223E0D0A2020202020203C7472616E736974696F6E20673D222D35352C2D313522206E616D653D22E58F98E69BB4E794B3E8AFB72220746F3D22E5889BE5BBBAE58F98E69BB4E794B3E8AFB7222F3E0D0A2020203C2F73746172743E0D0A2020203C737461746520673D2231392C3130352C39322C353222206E616D653D22E5889BE5BBBAE58F98E69BB4E794B3E8AFB7223E0D0A2020202020203C7472616E736974696F6E20673D222D33372C2D333322206E616D653D22E588B6E5AE9AE58F98E69BB4E8AEA1E588922220746F3D22E58F98E69BB4E8AEA1E58892222F3E0D0A2020203C2F73746174653E0D0A2020203C7461736B2061737369676E65653D22237B64746F2E746563686E696369616E4E616D657D2220673D223138392C3130342C39322C353222206E616D653D22E58F98E69BB4E8AEA1E58892223E0D0A2020202020203C7472616E736974696F6E20673D222D3130362C2D353322206E616D653D22E6AF8FE4B8AAE5AEA1E689B9E5A794E591982220746F3D22666F726561636831222F3E0D0A2020203C2F7461736B3E0D0A2020203C666F726561636820673D223231302C372C34382C34382220696E3D22237B64746F2E617070726F7665436F6D6D656E7444544F7D22206E616D653D22666F72656163683122207661723D22617070726F76657273223E0D0A2020202020203C7472616E736974696F6E20673D222D32352C3922206E616D653D22E58F98E69BB4E5AEA1E689B92220746F3D22E58F98E69BB4E5AEA1E689B9222F3E0D0A2020203C2F666F72656163683E0D0A2020203C7461736B2061737369676E65653D22237B617070726F766572732E617070726F7665727D2220673D223331332C342C38352C353122206E616D653D22E58F98E69BB4E5AEA1E689B9223E0D0A2020202020203C7472616E736974696F6E20673D222D32332C313022206E616D653D22E5AEA1E689B9E7BB93E69D9F2220746F3D226A6F696E31222F3E0D0A2020203C2F7461736B3E0D0A2020203C6A6F696E20673D223435352C382C34382C343822206E616D653D226A6F696E31223E0D0A2020202020203C7472616E736974696F6E20673D222D34302C363522206E616D653D22E588A4E696ADE698AFE590A6E5908CE6848F2220746F3D226578636C757369766531222F3E0D0A2020203C2F6A6F696E3E0D0A2020203C6465636973696F6E20673D223435372C3130352C34382C343822206E616D653D226578636C757369766531223E0D0A2020202020203C7472616E736974696F6E20673D222D32332C2D323222206E616D653D22E5AEA1E689B9E5908CE6848F2220746F3D22E58F98E69BB4E5AE9EE696BD223E0D0A202020202020093C636F6E646974696F6E20657870723D22237B64746F2E617070726F76616C203D3D20747275657D222F3E0D0A2020202020203C2F7472616E736974696F6E3E0D0A2020202020203C7472616E736974696F6E20673D222D32372C2D313722206E616D653D22E5AEA1E689B9E68B92E7BB9D2220746F3D22E58F98E69BB4E8AEA1E58892223E0D0A202020202020093C636F6E646974696F6E20657870723D22237B64746F2E617070726F76616C20213D20747275657D222F3E0D0A2020202020203C2F7472616E736974696F6E3E0D0A2020203C2F6465636973696F6E3E0D0A2020203C7461736B20673D223536392C3130302C39322C353222206E616D653D22E58F98E69BB4E5AE9EE696BD223E0D0A2020202020203C7472616E736974696F6E20673D222D33342C2D3822206E616D653D22E5A48DE5AEA12220746F3D22E58F98E69BB4E5A48DE5AEA1222F3E0D0A2020203C2F7461736B3E0D0A2020203C7461736B20673D223536372C3139342C39322C353222206E616D653D22E58F98E69BB4E5A48DE5AEA1223E0D0A2020202020203C7472616E736974696F6E20673D222D31332C3322206E616D653D22E7BB93E69D9F2220746F3D22656E6431222F3E0D0A2020202020203C7472616E736974696F6E20673D223730352C3231313B3730362C3132373A31322C2D313722206E616D653D22E98080E59B9EE58F98E69BB4E5AE9EE696BD2220746F3D22E58F98E69BB4E5AE9EE696BD222F3E0D0A2020203C2F7461736B3E0D0A2020203C656E6420673D223734362C3139392C34382C343822206E616D653D22656E6431222F3E0D0A2020200D0A2020200D0A2020200D0A2020200D0A3C2F70726F636573733E',8,'itil-change.jpdl.xml');

-- 流程使用
INSERT INTO `processuse` VALUES (1,NULL,NULL,0,NULL,NULL,NULL,NULL,NULL,'Request0425','请求流程');

-- Helpdesk默认规则
INSERT INTO `rulepackage` VALUES (2,NULL,NULL,0,NULL,NULL,NULL,NULL,NULL,NULL,NULL,'com.wstuo.itsm.request.dto.RequestDTO;','helpdesk-sla.drl','com.drools.drl.helpdeskPackage',NULL);
INSERT INTO `slacontract` VALUES (1,NULL,NULL,0,NULL,NULL,NULL,NULL,NULL,'帮助台SLA，完成响应任务。','2010-05-01','Helpdesk','2011-05-01','1.0',2,2);
INSERT INTO `slacontract_organization` VALUES (1,4);
INSERT INTO `slacontract_organization` VALUES (1,3);
INSERT INTO `slacontract_organization` VALUES (1,2);
INSERT INTO `slacontract_organization` VALUES (1,1);
INSERT INTO `slacontract_organization` VALUES (1,2);
INSERT INTO `slacontract_organization` VALUES (1,3);
INSERT INTO `slacontract_organization` VALUES (1,4);

-- SLA规则     
INSERT INTO `rulepattern` VALUES (1,NULL,NULL,0,NULL,NULL,NULL,NULL,NULL,'dto','RequestDTO',0); 
INSERT INTO `t_rule` VALUES (1,NULL,NULL,0,NULL,NULL,NULL,NULL,NULL,'mvel',b'0','Helpdesk-main',NULL,1,2);    
INSERT INTO `slarule` VALUES (100,18000,b'0',7200,100,1,1);
INSERT INTO `ruleaction` VALUES (1,NULL,NULL,0,NULL,NULL,NULL,NULL,NULL,NULL,NULL,'String',NULL,'Helpdesk-main','matchRuleName',1,NULL);
INSERT INTO `ruleconstraint` VALUES (1,NULL,NULL,0,NULL,NULL,NULL,NULL,NULL,NULL,'String',NULL,'etitle matches',NULL,'.*.*',' ',1,1);


-- 自动升级
INSERT INTO `promoterule` VALUES (1,NULL,NULL,0,NULL,NULL,NULL,NULL,NULL,b'1',b'1','Helpdesk-update-1',3600,1,1);